Entity,Code,Year,Average childbearing age - UN (2019)
Afghanistan,AFG,1950,29.835
Afghanistan,AFG,1955,29.835
Afghanistan,AFG,1960,29.835
Afghanistan,AFG,1965,29.835
Afghanistan,AFG,1970,29.835
Afghanistan,AFG,1975,29.871
Afghanistan,AFG,1980,29.904
Afghanistan,AFG,1985,29.917
Afghanistan,AFG,1990,29.884
Afghanistan,AFG,1995,29.779
Afghanistan,AFG,2000,29.582
Afghanistan,AFG,2005,29.563
Afghanistan,AFG,2010,29.377
Afghanistan,AFG,2015,29.427
Africa,,1950,29.51
Africa,,1955,29.519
Africa,,1960,29.539
Africa,,1965,29.578
Africa,,1970,29.611
Africa,,1975,29.656
Africa,,1980,29.723
Africa,,1985,29.747
Africa,,1990,29.649
Africa,,1995,29.471
Africa,,2000,29.374
Africa,,2005,29.302
Africa,,2010,29.18
Africa,,2015,29.095
Albania,ALB,1950,31.089
Albania,ALB,1955,30.93
Albania,ALB,1960,30.606
Albania,ALB,1965,29.794
Albania,ALB,1970,29.565
Albania,ALB,1975,29.228
Albania,ALB,1980,28.931
Albania,ALB,1985,28.468
Albania,ALB,1990,27.703
Albania,ALB,1995,27.443
Albania,ALB,2000,27.473
Albania,ALB,2005,27.504
Albania,ALB,2010,27.28
Albania,ALB,2015,27.515
Algeria,DZA,1950,29.892
Algeria,DZA,1955,29.892
Algeria,DZA,1960,29.892
Algeria,DZA,1965,30.158
Algeria,DZA,1970,30.423
Algeria,DZA,1975,30.44
Algeria,DZA,1980,30.69
Algeria,DZA,1985,31.174
Algeria,DZA,1990,31.369
Algeria,DZA,1995,31.431
Algeria,DZA,2000,31.525
Algeria,DZA,2005,31.662
Algeria,DZA,2010,31.487
Algeria,DZA,2015,31.655
Angola,AGO,1950,28.21
Angola,AGO,1955,28.21
Angola,AGO,1960,28.21
Angola,AGO,1965,28.21
Angola,AGO,1970,28.21
Angola,AGO,1975,28.21
Angola,AGO,1980,28.21
Angola,AGO,1985,28.21
Angola,AGO,1990,28.345
Angola,AGO,1995,28.47
Angola,AGO,2000,28.628
Angola,AGO,2005,28.696
Angola,AGO,2010,28.738
Angola,AGO,2015,28.792
Antigua and Barbuda,ATG,1950,26.843
Antigua and Barbuda,ATG,1955,26.843
Antigua and Barbuda,ATG,1960,26.843
Antigua and Barbuda,ATG,1965,26.843
Antigua and Barbuda,ATG,1970,26.843
Antigua and Barbuda,ATG,1975,25.774
Antigua and Barbuda,ATG,1980,25.383
Antigua and Barbuda,ATG,1985,26.142
Antigua and Barbuda,ATG,1990,26.901
Antigua and Barbuda,ATG,1995,27.154
Antigua and Barbuda,ATG,2000,27.266
Antigua and Barbuda,ATG,2005,27.38
Antigua and Barbuda,ATG,2010,27.493
Antigua and Barbuda,ATG,2015,27.632
Argentina,ARG,1950,28.268
Argentina,ARG,1955,28.269
Argentina,ARG,1960,28.269
Argentina,ARG,1965,28.261
Argentina,ARG,1970,28.019
Argentina,ARG,1975,27.668
Argentina,ARG,1980,27.787
Argentina,ARG,1985,27.802
Argentina,ARG,1990,27.681
Argentina,ARG,1995,27.826
Argentina,ARG,2000,27.905
Argentina,ARG,2005,27.87
Argentina,ARG,2010,28.097
Argentina,ARG,2015,28.216
Armenia,ARM,1950,29.959
Armenia,ARM,1955,29.496
Armenia,ARM,1960,28.861
Armenia,ARM,1965,28.053
Armenia,ARM,1970,27.128
Armenia,ARM,1975,26.187
Armenia,ARM,1980,25.573
Armenia,ARM,1985,25.312
Armenia,ARM,1990,24.924
Armenia,ARM,1995,25.012
Armenia,ARM,2000,25.455
Armenia,ARM,2005,25.933
Armenia,ARM,2010,26.558
Armenia,ARM,2015,27.119
Aruba,ABW,1950,27.53
Aruba,ABW,1955,27.53
Aruba,ABW,1960,27.53
Aruba,ABW,1965,27.53
Aruba,ABW,1970,27.53
Aruba,ABW,1975,27.53
Aruba,ABW,1980,27.53
Aruba,ABW,1985,27.53
Aruba,ABW,1990,27.53
Aruba,ABW,1995,27.471
Aruba,ABW,2000,27.376
Aruba,ABW,2005,27.701
Aruba,ABW,2010,28.026
Aruba,ABW,2015,28.575
Asia,,1950,29.61
Asia,,1955,29.59
Asia,,1960,29.565
Asia,,1965,29.456
Asia,,1970,29.145
Asia,,1975,28.558
Asia,,1980,27.9
Asia,,1985,27.519
Asia,,1990,27.27
Asia,,1995,27.176
Asia,,2000,27.209
Asia,,2005,27.301
Asia,,2010,27.433
Asia,,2015,27.778
Australia,AUS,1950,27.936
Australia,AUS,1955,27.604
Australia,AUS,1960,27.519
Australia,AUS,1965,27.262
Australia,AUS,1970,26.841
Australia,AUS,1975,26.934
Australia,AUS,1980,27.381
Australia,AUS,1985,28.053
Australia,AUS,1990,28.64
Australia,AUS,1995,29.204
Australia,AUS,2000,29.784
Australia,AUS,2005,30.262
Australia,AUS,2010,30.782
Australia,AUS,2015,30.989
Australia/New Zealand,,1950,27.816
Australia/New Zealand,,1955,27.549
Australia/New Zealand,,1960,27.483
Australia/New Zealand,,1965,27.161
Australia/New Zealand,,1970,26.735
Australia/New Zealand,,1975,26.832
Australia/New Zealand,,1980,27.303
Australia/New Zealand,,1985,27.965
Australia/New Zealand,,1990,28.559
Australia/New Zealand,,1995,29.127
Australia/New Zealand,,2000,29.708
Australia/New Zealand,,2005,30.131
Australia/New Zealand,,2010,30.617
Australia/New Zealand,,2015,30.837
Austria,AUT,1950,27.936
Austria,AUT,1955,27.73
Austria,AUT,1960,27.437
Austria,AUT,1965,26.932
Austria,AUT,1970,26.48
Austria,AUT,1975,26.251
Austria,AUT,1980,26.431
Austria,AUT,1985,26.931
Austria,AUT,1990,27.347
Austria,AUT,1995,27.972
Austria,AUT,2000,28.646
Austria,AUT,2005,29.45
Austria,AUT,2010,30.158
Austria,AUT,2015,30.6
Azerbaijan,AZE,1950,30.46
Azerbaijan,AZE,1955,30.459
Azerbaijan,AZE,1960,30.273
Azerbaijan,AZE,1965,29.905
Azerbaijan,AZE,1970,29.486
Azerbaijan,AZE,1975,28.965
Azerbaijan,AZE,1980,28.195
Azerbaijan,AZE,1985,27.384
Azerbaijan,AZE,1990,26.551
Azerbaijan,AZE,1995,26.268
Azerbaijan,AZE,2000,26.32
Azerbaijan,AZE,2005,26.029
Azerbaijan,AZE,2010,25.821
Azerbaijan,AZE,2015,25.552
Bahamas,BHS,1950,28.102
Bahamas,BHS,1955,28.102
Bahamas,BHS,1960,28.102
Bahamas,BHS,1965,28.102
Bahamas,BHS,1970,28.061
Bahamas,BHS,1975,27.087
Bahamas,BHS,1980,27.092
Bahamas,BHS,1985,27.26
Bahamas,BHS,1990,27.543
Bahamas,BHS,1995,27.469
Bahamas,BHS,2000,27.887
Bahamas,BHS,2005,28.21
Bahamas,BHS,2010,28.533
Bahamas,BHS,2015,28.672
Bahrain,BHR,1950,29.932
Bahrain,BHR,1955,29.932
Bahrain,BHR,1960,29.932
Bahrain,BHR,1965,29.932
Bahrain,BHR,1970,29.932
Bahrain,BHR,1975,29.932
Bahrain,BHR,1980,30.129
Bahrain,BHR,1985,30.433
Bahrain,BHR,1990,30.446
Bahrain,BHR,1995,30.277
Bahrain,BHR,2000,30.039
Bahrain,BHR,2005,29.803
Bahrain,BHR,2010,29.827
Bahrain,BHR,2015,29.738
Bangladesh,BGD,1950,28.27
Bangladesh,BGD,1955,28.27
Bangladesh,BGD,1960,28.27
Bangladesh,BGD,1965,28.27
Bangladesh,BGD,1970,28.325
Bangladesh,BGD,1975,28.286
Bangladesh,BGD,1980,27.987
Bangladesh,BGD,1985,27.491
Bangladesh,BGD,1990,26.902
Bangladesh,BGD,1995,26.527
Bangladesh,BGD,2000,26.231
Bangladesh,BGD,2005,25.869
Bangladesh,BGD,2010,25.557
Bangladesh,BGD,2015,25.397
Barbados,BRB,1950,27.332
Barbados,BRB,1955,27.535
Barbados,BRB,1960,28.025
Barbados,BRB,1965,27.696
Barbados,BRB,1970,26.88
Barbados,BRB,1975,27.045
Barbados,BRB,1980,26.168
Barbados,BRB,1985,27.052
Barbados,BRB,1990,26.654
Barbados,BRB,1995,27.77
Barbados,BRB,2000,27.286
Barbados,BRB,2005,27.751
Barbados,BRB,2010,28.216
Barbados,BRB,2015,29.038
Belarus,BLR,1950,29.3
Belarus,BLR,1955,29.004
Belarus,BLR,1960,28.659
Belarus,BLR,1965,28.047
Belarus,BLR,1970,27.163
Belarus,BLR,1975,26.41
Belarus,BLR,1980,26.004
Belarus,BLR,1985,25.732
Belarus,BLR,1990,24.946
Belarus,BLR,1995,25.201
Belarus,BLR,2000,25.943
Belarus,BLR,2005,26.833
Belarus,BLR,2010,27.641
Belarus,BLR,2015,28.535
Belgium,BEL,1950,28.684
Belgium,BEL,1955,28.244
Belgium,BEL,1960,27.802
Belgium,BEL,1965,27.362
Belgium,BEL,1970,26.868
Belgium,BEL,1975,26.595
Belgium,BEL,1980,26.846
Belgium,BEL,1985,27.57
Belgium,BEL,1990,28.143
Belgium,BEL,1995,28.66
Belgium,BEL,2000,29.042
Belgium,BEL,2005,29.588
Belgium,BEL,2010,30.536
Belgium,BEL,2015,31.072
Belize,BLZ,1950,27.31
Belize,BLZ,1955,27.31
Belize,BLZ,1960,27.31
Belize,BLZ,1965,27.31
Belize,BLZ,1970,27.31
Belize,BLZ,1975,27.31
Belize,BLZ,1980,27.31
Belize,BLZ,1985,27.31
Belize,BLZ,1990,27.31
Belize,BLZ,1995,27.265
Belize,BLZ,2000,27.22
Belize,BLZ,2005,27.16
Belize,BLZ,2010,27.1
Belize,BLZ,2015,27.026
Benin,BEN,1950,30.633
Benin,BEN,1955,30.634
Benin,BEN,1960,30.675
Benin,BEN,1965,30.753
Benin,BEN,1970,30.794
Benin,BEN,1975,30.703
Benin,BEN,1980,30.467
Benin,BEN,1985,30.154
Benin,BEN,1990,29.844
Benin,BEN,1995,29.575
Benin,BEN,2000,29.332
Benin,BEN,2005,29.099
Benin,BEN,2010,28.998
Benin,BEN,2015,28.855
Bhutan,BTN,1950,29.2
Bhutan,BTN,1955,29.2
Bhutan,BTN,1960,29.2
Bhutan,BTN,1965,29.2
Bhutan,BTN,1970,29.2
Bhutan,BTN,1975,29.2
Bhutan,BTN,1980,29.106
Bhutan,BTN,1985,28.865
Bhutan,BTN,1990,28.555
Bhutan,BTN,1995,28.255
Bhutan,BTN,2000,28.066
Bhutan,BTN,2005,28.179
Bhutan,BTN,2010,28.549
Bhutan,BTN,2015,28.746
Bolivia,BOL,1950,30.347
Bolivia,BOL,1955,30.21
Bolivia,BOL,1960,30.072
Bolivia,BOL,1965,29.935
Bolivia,BOL,1970,29.797
Bolivia,BOL,1975,29.66
Bolivia,BOL,1980,29.522
Bolivia,BOL,1985,29.381
Bolivia,BOL,1990,29.208
Bolivia,BOL,1995,29.025
Bolivia,BOL,2000,28.897
Bolivia,BOL,2005,28.57
Bolivia,BOL,2010,28.569
Bolivia,BOL,2015,28.551
Bosnia and Herzegovina,BIH,1950,30.044
Bosnia and Herzegovina,BIH,1955,29.474
Bosnia and Herzegovina,BIH,1960,28.929
Bosnia and Herzegovina,BIH,1965,27.953
Bosnia and Herzegovina,BIH,1970,27.225
Bosnia and Herzegovina,BIH,1975,26.864
Bosnia and Herzegovina,BIH,1980,26.372
Bosnia and Herzegovina,BIH,1985,26.289
Bosnia and Herzegovina,BIH,1990,26.674
Bosnia and Herzegovina,BIH,1995,26.674
Bosnia and Herzegovina,BIH,2000,27.052
Bosnia and Herzegovina,BIH,2005,27.752
Bosnia and Herzegovina,BIH,2010,28.635
Bosnia and Herzegovina,BIH,2015,29.262
Botswana,BWA,1950,29.718
Botswana,BWA,1955,29.754
Botswana,BWA,1960,29.791
Botswana,BWA,1965,29.832
Botswana,BWA,1970,29.932
Botswana,BWA,1975,29.981
Botswana,BWA,1980,29.857
Botswana,BWA,1985,29.44
Botswana,BWA,1990,29.182
Botswana,BWA,1995,28.719
Botswana,BWA,2000,28.094
Botswana,BWA,2005,28.075
Botswana,BWA,2010,28.07
Botswana,BWA,2015,28.064
Brazil,BRA,1950,30.129
Brazil,BRA,1955,30.129
Brazil,BRA,1960,30.08
Brazil,BRA,1965,29.905
Brazil,BRA,1970,29.63
Brazil,BRA,1975,29.206
Brazil,BRA,1980,28.536
Brazil,BRA,1985,27.744
Brazil,BRA,1990,27.069
Brazil,BRA,1995,26.666
Brazil,BRA,2000,26.234
Brazil,BRA,2005,26.395
Brazil,BRA,2010,26.775
Brazil,BRA,2015,27.129
Brunei,BRN,1950,28.877
Brunei,BRN,1955,28.877
Brunei,BRN,1960,28.877
Brunei,BRN,1965,28.877
Brunei,BRN,1970,29.004
Brunei,BRN,1975,29.131
Brunei,BRN,1980,29.147
Brunei,BRN,1985,29.189
Brunei,BRN,1990,29.16
Brunei,BRN,1995,29.806
Brunei,BRN,2000,29.553
Brunei,BRN,2005,29.59
Brunei,BRN,2010,30.1
Brunei,BRN,2015,30.303
Bulgaria,BGR,1950,26.622
Bulgaria,BGR,1955,25.681
Bulgaria,BGR,1960,25.08
Bulgaria,BGR,1965,24.752
Bulgaria,BGR,1970,24.553
Bulgaria,BGR,1975,24.243
Bulgaria,BGR,1980,23.922
Bulgaria,BGR,1985,24.008
Bulgaria,BGR,1990,23.897
Bulgaria,BGR,1995,24.48
Bulgaria,BGR,2000,25.457
Bulgaria,BGR,2005,26.477
Bulgaria,BGR,2010,27.181
Bulgaria,BGR,2015,27.661
Burkina Faso,BFA,1950,27.601
Burkina Faso,BFA,1955,28.069
Burkina Faso,BFA,1960,28.536
Burkina Faso,BFA,1965,28.978
Burkina Faso,BFA,1970,29.376
Burkina Faso,BFA,1975,29.708
Burkina Faso,BFA,1980,29.96
Burkina Faso,BFA,1985,30.125
Burkina Faso,BFA,1990,30.163
Burkina Faso,BFA,1995,30.014
Burkina Faso,BFA,2000,29.74
Burkina Faso,BFA,2005,29.466
Burkina Faso,BFA,2010,29.38
Burkina Faso,BFA,2015,29.233
Burundi,BDI,1950,30.915
Burundi,BDI,1955,30.915
Burundi,BDI,1960,30.925
Burundi,BDI,1965,30.935
Burundi,BDI,1970,30.945
Burundi,BDI,1975,30.965
Burundi,BDI,1980,30.985
Burundi,BDI,1985,31.065
Burundi,BDI,1990,30.973
Burundi,BDI,1995,30.975
Burundi,BDI,2000,30.98
Burundi,BDI,2005,31.06
Burundi,BDI,2010,31.06
Burundi,BDI,2015,31.06
Cambodia,KHM,1950,30.018
Cambodia,KHM,1955,30.018
Cambodia,KHM,1960,30.018
Cambodia,KHM,1965,30.04
Cambodia,KHM,1970,30.022
Cambodia,KHM,1975,29.994
Cambodia,KHM,1980,29.997
Cambodia,KHM,1985,29.988
Cambodia,KHM,1990,29.883
Cambodia,KHM,1995,29.772
Cambodia,KHM,2000,29.17
Cambodia,KHM,2005,28.488
Cambodia,KHM,2010,27.614
Cambodia,KHM,2015,27.04
Cameroon,CMR,1950,28.605
Cameroon,CMR,1955,28.605
Cameroon,CMR,1960,28.605
Cameroon,CMR,1965,28.605
Cameroon,CMR,1970,28.605
Cameroon,CMR,1975,28.576
Cameroon,CMR,1980,28.518
Cameroon,CMR,1985,28.459
Cameroon,CMR,1990,28.4
Cameroon,CMR,1995,28.34
Cameroon,CMR,2000,28.314
Cameroon,CMR,2005,28.559
Cameroon,CMR,2010,28.716
Cameroon,CMR,2015,28.913
Canada,CAN,1950,28.36
Canada,CAN,1955,28.028
Canada,CAN,1960,27.843
Canada,CAN,1965,27.472
Canada,CAN,1970,26.947
Canada,CAN,1975,26.853
Canada,CAN,1980,27.192
Canada,CAN,1985,27.647
Canada,CAN,1990,27.966
Canada,CAN,1995,28.509
Canada,CAN,2000,29.236
Canada,CAN,2005,29.776
Canada,CAN,2010,30.339
Canada,CAN,2015,30.769
Cape Verde,CPV,1950,30.464
Cape Verde,CPV,1955,30.464
Cape Verde,CPV,1960,30.464
Cape Verde,CPV,1965,30.464
Cape Verde,CPV,1970,30.464
Cape Verde,CPV,1975,30.464
Cape Verde,CPV,1980,30.16
Cape Verde,CPV,1985,29.603
Cape Verde,CPV,1990,29.11
Cape Verde,CPV,1995,28.604
Cape Verde,CPV,2000,28.104
Cape Verde,CPV,2005,27.677
Cape Verde,CPV,2010,27.576
Cape Verde,CPV,2015,27.377
Caribbean,,1950,28.878
Caribbean,,1955,28.86
Caribbean,,1960,28.762
Caribbean,,1965,28.717
Caribbean,,1970,28.427
Caribbean,,1975,28.132
Caribbean,,1980,28.147
Caribbean,,1985,27.902
Caribbean,,1990,27.643
Caribbean,,1995,27.405
Caribbean,,2000,27.274
Caribbean,,2005,27.314
Caribbean,,2010,27.378
Caribbean,,2015,27.587
Central African Republic,CAF,1950,28.502
Central African Republic,CAF,1955,28.502
Central African Republic,CAF,1960,28.502
Central African Republic,CAF,1965,28.502
Central African Republic,CAF,1970,28.502
Central African Republic,CAF,1975,28.597
Central African Republic,CAF,1980,28.757
Central African Republic,CAF,1985,28.917
Central African Republic,CAF,1990,28.917
Central African Republic,CAF,1995,28.917
Central African Republic,CAF,2000,28.917
Central African Republic,CAF,2005,28.917
Central African Republic,CAF,2010,28.917
Central African Republic,CAF,2015,28.917
Central America,,1950,29.436
Central America,,1955,29.433
Central America,,1960,29.376
Central America,,1965,29.363
Central America,,1970,29.234
Central America,,1975,28.735
Central America,,1980,28.306
Central America,,1985,28.032
Central America,,1990,27.768
Central America,,1995,27.392
Central America,,2000,27.189
Central America,,2005,27.065
Central America,,2010,27.095
Central America,,2015,27.114
Central Asia,,1950,30.305
Central Asia,,1955,30.224
Central Asia,,1960,30.145
Central Asia,,1965,29.943
Central Asia,,1970,29.494
Central Asia,,1975,28.828
Central Asia,,1980,28.18
Central Asia,,1985,27.633
Central Asia,,1990,26.85
Central Asia,,1995,26.783
Central Asia,,2000,27.316
Central Asia,,2005,27.53
Central Asia,,2010,27.268
Central Asia,,2015,27.141
Central and Southern Asia,,1950,29.489
Central and Southern Asia,,1955,29.479
Central and Southern Asia,,1960,29.456
Central and Southern Asia,,1965,29.261
Central and Southern Asia,,1970,28.899
Central and Southern Asia,,1975,28.521
Central and Southern Asia,,1980,28.132
Central and Southern Asia,,1985,27.754
Central and Southern Asia,,1990,27.446
Central and Southern Asia,,1995,27.339
Central and Southern Asia,,2000,27.26
Central and Southern Asia,,2005,27.098
Central and Southern Asia,,2010,27.066
Central and Southern Asia,,2015,27.473
Chad,TCD,1950,28.214
Chad,TCD,1955,28.214
Chad,TCD,1960,28.214
Chad,TCD,1965,28.214
Chad,TCD,1970,28.214
Chad,TCD,1975,28.214
Chad,TCD,1980,28.217
Chad,TCD,1985,28.226
Chad,TCD,1990,28.234
Chad,TCD,1995,28.239
Chad,TCD,2000,28.227
Chad,TCD,2005,28.4
Chad,TCD,2010,28.572
Chad,TCD,2015,28.76
Channel Islands,OWID_CIS,1950,28.224
Channel Islands,OWID_CIS,1955,28.224
Channel Islands,OWID_CIS,1960,28.224
Channel Islands,OWID_CIS,1965,28.224
Channel Islands,OWID_CIS,1970,28.224
Channel Islands,OWID_CIS,1975,28.224
Channel Islands,OWID_CIS,1980,28.224
Channel Islands,OWID_CIS,1985,28.677
Channel Islands,OWID_CIS,1990,29.289
Channel Islands,OWID_CIS,1995,29.551
Channel Islands,OWID_CIS,2000,29.795
Channel Islands,OWID_CIS,2005,30.034
Channel Islands,OWID_CIS,2010,30.277
Channel Islands,OWID_CIS,2015,30.481
Chile,CHL,1950,29.632
Chile,CHL,1955,29.494
Chile,CHL,1960,29.21
Chile,CHL,1965,28.685
Chile,CHL,1970,28.067
Chile,CHL,1975,27.355
Chile,CHL,1980,27.315
Chile,CHL,1985,27.404
Chile,CHL,1990,27.39
Chile,CHL,1995,27.343
Chile,CHL,2000,27.725
Chile,CHL,2005,27.912
Chile,CHL,2010,27.991
Chile,CHL,2015,28.819
China,CHN,1950,29.68
China,CHN,1955,29.789
China,CHN,1960,29.825
China,CHN,1965,29.784
China,CHN,1970,29.462
China,CHN,1975,28.408
China,CHN,1980,26.798
China,CHN,1985,26.431
China,CHN,1990,25.989
China,CHN,1995,25.99
China,CHN,2000,26.552
China,CHN,2005,27.062
China,CHN,2010,27.295
China,CHN,2015,27.635
Colombia,COL,1950,29.481
Colombia,COL,1955,29.403
Colombia,COL,1960,29.378
Colombia,COL,1965,29.339
Colombia,COL,1970,29.207
Colombia,COL,1975,28.762
Colombia,COL,1980,28.248
Colombia,COL,1985,27.657
Colombia,COL,1990,27.182
Colombia,COL,1995,26.773
Colombia,COL,2000,26.594
Colombia,COL,2005,26.54
Colombia,COL,2010,26.709
Colombia,COL,2015,26.951
Comoros,COM,1950,30.615
Comoros,COM,1955,30.615
Comoros,COM,1960,30.615
Comoros,COM,1965,30.615
Comoros,COM,1970,30.615
Comoros,COM,1975,30.615
Comoros,COM,1980,30.615
Comoros,COM,1985,30.615
Comoros,COM,1990,30.615
Comoros,COM,1995,30.554
Comoros,COM,2000,30.358
Comoros,COM,2005,30.289
Comoros,COM,2010,30.142
Comoros,COM,2015,30.045
Congo,COG,1950,29.385
Congo,COG,1955,29.385
Congo,COG,1960,29.385
Congo,COG,1965,29.385
Congo,COG,1970,29.385
Congo,COG,1975,29.385
Congo,COG,1980,29.385
Congo,COG,1985,29.155
Congo,COG,1990,29.123
Congo,COG,1995,29.123
Congo,COG,2000,29.114
Congo,COG,2005,29.09
Congo,COG,2010,29.042
Congo,COG,2015,29.01
Costa Rica,CRI,1950,28.99
Costa Rica,CRI,1955,29.013
Costa Rica,CRI,1960,29.086
Costa Rica,CRI,1965,29.003
Costa Rica,CRI,1970,28.487
Costa Rica,CRI,1975,27.869
Costa Rica,CRI,1980,27.596
Costa Rica,CRI,1985,27.475
Costa Rica,CRI,1990,27.215
Costa Rica,CRI,1995,26.951
Costa Rica,CRI,2000,26.893
Costa Rica,CRI,2005,26.909
Costa Rica,CRI,2010,26.996
Costa Rica,CRI,2015,27.233
Cote d'Ivoire,CIV,1950,28.022
Cote d'Ivoire,CIV,1955,28.609
Cote d'Ivoire,CIV,1960,29.148
Cote d'Ivoire,CIV,1965,29.485
Cote d'Ivoire,CIV,1970,29.564
Cote d'Ivoire,CIV,1975,29.525
Cote d'Ivoire,CIV,1980,29.595
Cote d'Ivoire,CIV,1985,29.715
Cote d'Ivoire,CIV,1990,29.717
Cote d'Ivoire,CIV,1995,29.53
Cote d'Ivoire,CIV,2000,29.187
Cote d'Ivoire,CIV,2005,29.084
Cote d'Ivoire,CIV,2010,29.084
Cote d'Ivoire,CIV,2015,29.084
Croatia,HRV,1950,28.066
Croatia,HRV,1955,27.22
Croatia,HRV,1960,26.543
Croatia,HRV,1965,26.088
Croatia,HRV,1970,25.773
Croatia,HRV,1975,25.713
Croatia,HRV,1980,25.584
Croatia,HRV,1985,25.68
Croatia,HRV,1990,26.844
Croatia,HRV,1995,27.312
Croatia,HRV,2000,27.936
Croatia,HRV,2005,28.665
Croatia,HRV,2010,29.484
Croatia,HRV,2015,30.282
Cuba,CUB,1950,28.093
Cuba,CUB,1955,27.786
Cuba,CUB,1960,27.509
Cuba,CUB,1965,27.208
Cuba,CUB,1970,26.572
Cuba,CUB,1975,24.847
Cuba,CUB,1980,24.89
Cuba,CUB,1985,24.89
Cuba,CUB,1990,25.236
Cuba,CUB,1995,25.735
Cuba,CUB,2000,26.235
Cuba,CUB,2005,26.323
Cuba,CUB,2010,26.181
Cuba,CUB,2015,26.348
Curacao,CUW,1950,27.53
Curacao,CUW,1955,27.53
Curacao,CUW,1960,27.53
Curacao,CUW,1965,27.53
Curacao,CUW,1970,27.53
Curacao,CUW,1975,27.53
Curacao,CUW,1980,27.53
Curacao,CUW,1985,27.53
Curacao,CUW,1990,27.53
Curacao,CUW,1995,27.935
Curacao,CUW,2000,28.167
Curacao,CUW,2005,28.275
Curacao,CUW,2010,28.383
Curacao,CUW,2015,28.516
Cyprus,CYP,1950,29.717
Cyprus,CYP,1955,28.726
Cyprus,CYP,1960,28.918
Cyprus,CYP,1965,28.379
Cyprus,CYP,1970,27.665
Cyprus,CYP,1975,27.018
Cyprus,CYP,1980,26.819
Cyprus,CYP,1985,27.015
Cyprus,CYP,1990,27.643
Cyprus,CYP,1995,28.37
Cyprus,CYP,2000,29.232
Cyprus,CYP,2005,29.456
Cyprus,CYP,2010,29.593
Cyprus,CYP,2015,29.768
Czechia,CZE,1950,26.987
Czechia,CZE,1955,26.131
Czechia,CZE,1960,25.466
Czechia,CZE,1965,25.203
Czechia,CZE,1970,25.175
Czechia,CZE,1975,24.956
Czechia,CZE,1980,24.634
Czechia,CZE,1985,24.696
Czechia,CZE,1990,25.004
Czechia,CZE,1995,26.474
Czechia,CZE,2000,27.953
Czechia,CZE,2005,29.151
Czechia,CZE,2010,29.599
Czechia,CZE,2015,30.002
Democratic Republic of Congo,COD,1950,29.216
Democratic Republic of Congo,COD,1955,29.067
Democratic Republic of Congo,COD,1960,28.906
Democratic Republic of Congo,COD,1965,28.959
Democratic Republic of Congo,COD,1970,29.225
Democratic Republic of Congo,COD,1975,29.524
Democratic Republic of Congo,COD,1980,29.777
Democratic Republic of Congo,COD,1985,30.102
Democratic Republic of Congo,COD,1990,30.179
Democratic Republic of Congo,COD,1995,30.174
Democratic Republic of Congo,COD,2000,30.047
Democratic Republic of Congo,COD,2005,29.873
Democratic Republic of Congo,COD,2010,29.566
Democratic Republic of Congo,COD,2015,29.356
Denmark,DNK,1950,27.545
Denmark,DNK,1955,27.113
Denmark,DNK,1960,26.847
Denmark,DNK,1965,26.592
Denmark,DNK,1970,26.644
Denmark,DNK,1975,26.626
Denmark,DNK,1980,27.258
Denmark,DNK,1985,28.142
Denmark,DNK,1990,28.855
Denmark,DNK,1995,29.462
Denmark,DNK,2000,29.969
Denmark,DNK,2005,30.411
Denmark,DNK,2010,30.72
Denmark,DNK,2015,30.98
Djibouti,DJI,1950,32.28
Djibouti,DJI,1955,32.16
Djibouti,DJI,1960,32.036
Djibouti,DJI,1965,31.917
Djibouti,DJI,1970,31.848
Djibouti,DJI,1975,31.77
Djibouti,DJI,1980,31.692
Djibouti,DJI,1985,31.636
Djibouti,DJI,1990,31.593
Djibouti,DJI,1995,31.754
Djibouti,DJI,2000,31.914
Djibouti,DJI,2005,32.076
Djibouti,DJI,2010,32.085
Djibouti,DJI,2015,32.159
Dominican Republic,DOM,1950,29.063
Dominican Republic,DOM,1955,29.063
Dominican Republic,DOM,1960,29.06
Dominican Republic,DOM,1965,28.995
Dominican Republic,DOM,1970,28.642
Dominican Republic,DOM,1975,28.22
Dominican Republic,DOM,1980,27.687
Dominican Republic,DOM,1985,27.067
Dominican Republic,DOM,1990,26.46
Dominican Republic,DOM,1995,26.06
Dominican Republic,DOM,2000,25.806
Dominican Republic,DOM,2005,25.724
Dominican Republic,DOM,2010,25.782
Dominican Republic,DOM,2015,25.808
East Timor,TLS,1950,29.763
East Timor,TLS,1955,29.763
East Timor,TLS,1960,29.763
East Timor,TLS,1965,29.763
East Timor,TLS,1970,29.763
East Timor,TLS,1975,29.763
East Timor,TLS,1980,29.763
East Timor,TLS,1985,29.763
East Timor,TLS,1990,29.763
East Timor,TLS,1995,30.314
East Timor,TLS,2000,30.866
East Timor,TLS,2005,30.866
East Timor,TLS,2010,30.491
East Timor,TLS,2015,30.337
Eastern Africa,,1950,30.136
Eastern Africa,,1955,30.118
Eastern Africa,,1960,30.108
Eastern Africa,,1965,30.085
Eastern Africa,,1970,30.016
Eastern Africa,,1975,29.994
Eastern Africa,,1980,30.014
Eastern Africa,,1985,29.954
Eastern Africa,,1990,29.824
Eastern Africa,,1995,29.592
Eastern Africa,,2000,29.516
Eastern Africa,,2005,29.397
Eastern Africa,,2010,29.213
Eastern Africa,,2015,29.056
Eastern Asia,,1950,29.755
Eastern Asia,,1955,29.786
Eastern Asia,,1960,29.739
Eastern Asia,,1965,29.622
Eastern Asia,,1970,29.228
Eastern Asia,,1975,28.22
Eastern Asia,,1980,26.853
Eastern Asia,,1985,26.525
Eastern Asia,,1990,26.287
Eastern Asia,,1995,26.36
Eastern Asia,,2000,26.869
Eastern Asia,,2005,27.356
Eastern Asia,,2010,27.659
Eastern Asia,,2015,28.019
Eastern Europe,,1950,28.722
Eastern Europe,,1955,28.077
Eastern Europe,,1960,27.357
Eastern Europe,,1965,26.935
Eastern Europe,,1970,26.474
Eastern Europe,,1975,25.896
Eastern Europe,,1980,25.642
Eastern Europe,,1985,25.657
Eastern Europe,,1990,25.062
Eastern Europe,,1995,25.545
Eastern Europe,,2000,26.384
Eastern Europe,,2005,27.192
Eastern Europe,,2010,27.926
Eastern Europe,,2015,28.559
Eastern and South-Eastern Asia,,1950,29.734
Eastern and South-Eastern Asia,,1955,29.74
Eastern and South-Eastern Asia,,1960,29.701
Eastern and South-Eastern Asia,,1965,29.616
Eastern and South-Eastern Asia,,1970,29.334
Eastern and South-Eastern Asia,,1975,28.546
Eastern and South-Eastern Asia,,1980,27.53
Eastern and South-Eastern Asia,,1985,27.166
Eastern and South-Eastern Asia,,1990,27.025
Eastern and South-Eastern Asia,,1995,27.101
Eastern and South-Eastern Asia,,2000,27.285
Eastern and South-Eastern Asia,,2005,27.577
Eastern and South-Eastern Asia,,2010,27.763
Eastern and South-Eastern Asia,,2015,28.026
Ecuador,ECU,1950,29.659
Ecuador,ECU,1955,29.663
Ecuador,ECU,1960,29.671
Ecuador,ECU,1965,29.64
Ecuador,ECU,1970,29.504
Ecuador,ECU,1975,29.318
Ecuador,ECU,1980,29.114
Ecuador,ECU,1985,28.845
Ecuador,ECU,1990,28.481
Ecuador,ECU,1995,28.158
Ecuador,ECU,2000,27.836
Ecuador,ECU,2005,27.574
Ecuador,ECU,2010,27.47
Ecuador,ECU,2015,27.371
Egypt,EGY,1950,28.415
Egypt,EGY,1955,28.415
Egypt,EGY,1960,28.415
Egypt,EGY,1965,28.415
Egypt,EGY,1970,28.415
Egypt,EGY,1975,28.415
Egypt,EGY,1980,28.471
Egypt,EGY,1985,28.357
Egypt,EGY,1990,28.168
Egypt,EGY,1995,27.994
Egypt,EGY,2000,27.854
Egypt,EGY,2005,27.762
Egypt,EGY,2010,27.601
Egypt,EGY,2015,27.601
El Salvador,SLV,1950,29.316
El Salvador,SLV,1955,29.317
El Salvador,SLV,1960,29.317
El Salvador,SLV,1965,29.294
El Salvador,SLV,1970,29.156
El Salvador,SLV,1975,28.914
El Salvador,SLV,1980,28.668
El Salvador,SLV,1985,28.436
El Salvador,SLV,1990,28.189
El Salvador,SLV,1995,27.832
El Salvador,SLV,2000,27.163
El Salvador,SLV,2005,26.821
El Salvador,SLV,2010,26.839
El Salvador,SLV,2015,26.768
Equatorial Guinea,GNQ,1950,28.831
Equatorial Guinea,GNQ,1955,28.82
Equatorial Guinea,GNQ,1960,28.807
Equatorial Guinea,GNQ,1965,28.79
Equatorial Guinea,GNQ,1970,28.714
Equatorial Guinea,GNQ,1975,28.628
Equatorial Guinea,GNQ,1980,28.624
Equatorial Guinea,GNQ,1985,28.777
Equatorial Guinea,GNQ,1990,28.832
Equatorial Guinea,GNQ,1995,29.025
Equatorial Guinea,GNQ,2000,29.01
Equatorial Guinea,GNQ,2005,28.739
Equatorial Guinea,GNQ,2010,28.338
Equatorial Guinea,GNQ,2015,28.059
Eritrea,ERI,1950,30.89
Eritrea,ERI,1955,30.89
Eritrea,ERI,1960,30.89
Eritrea,ERI,1965,30.89
Eritrea,ERI,1970,30.89
Eritrea,ERI,1975,30.89
Eritrea,ERI,1980,30.89
Eritrea,ERI,1985,30.638
Eritrea,ERI,1990,30.385
Eritrea,ERI,1995,30.133
Eritrea,ERI,2000,29.988
Eritrea,ERI,2005,29.773
Eritrea,ERI,2010,29.671
Eritrea,ERI,2015,29.54
Estonia,EST,1950,28.183
Estonia,EST,1955,27.891
Estonia,EST,1960,27.557
Estonia,EST,1965,27.042
Estonia,EST,1970,26.567
Estonia,EST,1975,26.019
Estonia,EST,1980,25.87
Estonia,EST,1985,25.929
Estonia,EST,1990,25.334
Estonia,EST,1995,26.246
Estonia,EST,2000,27.477
Estonia,EST,2005,28.544
Estonia,EST,2010,29.43
Estonia,EST,2015,30.481
Eswatini,SWZ,1950,30.539
Eswatini,SWZ,1955,30.272
Eswatini,SWZ,1960,29.902
Eswatini,SWZ,1965,29.476
Eswatini,SWZ,1970,29.117
Eswatini,SWZ,1975,28.981
Eswatini,SWZ,1980,29.001
Eswatini,SWZ,1985,28.962
Eswatini,SWZ,1990,28.759
Eswatini,SWZ,1995,28.446
Eswatini,SWZ,2000,28.277
Eswatini,SWZ,2005,28.227
Eswatini,SWZ,2010,27.987
Eswatini,SWZ,2015,27.7
Ethiopia,ETH,1950,30.745
Ethiopia,ETH,1955,30.745
Ethiopia,ETH,1960,30.745
Ethiopia,ETH,1965,30.745
Ethiopia,ETH,1970,30.745
Ethiopia,ETH,1975,30.745
Ethiopia,ETH,1980,30.76
Ethiopia,ETH,1985,30.625
Ethiopia,ETH,1990,30.35
Ethiopia,ETH,1995,30.07
Ethiopia,ETH,2000,29.993
Ethiopia,ETH,2005,29.961
Ethiopia,ETH,2010,29.812
Ethiopia,ETH,2015,29.732
Europe,,1950,28.642
Europe,,1955,28.186
Europe,,1960,27.702
Europe,,1965,27.389
Europe,,1970,26.983
Europe,,1975,26.559
Europe,,1980,26.536
Europe,,1985,26.795
Europe,,1990,26.901
Europe,,1995,27.63
Europe,,2000,28.32
Europe,,2005,28.903
Europe,,2010,29.472
Europe,,2015,30.015
Europe and Northern America,,1950,28.175
Europe and Northern America,,1955,27.745
Europe and Northern America,,1960,27.373
Europe and Northern America,,1965,27.12
Europe and Northern America,,1970,26.758
Europe and Northern America,,1975,26.442
Europe and Northern America,,1980,26.478
Europe and Northern America,,1985,26.754
Europe and Northern America,,1990,26.877
Europe and Northern America,,1995,27.497
Europe and Northern America,,2000,28.132
Europe and Northern America,,2005,28.609
Europe and Northern America,,2010,29.227
Europe and Northern America,,2015,29.778
Fiji,FJI,1950,28.681
Fiji,FJI,1955,28.589
Fiji,FJI,1960,28.289
Fiji,FJI,1965,29.258
Fiji,FJI,1970,28.39
Fiji,FJI,1975,27.564
Fiji,FJI,1980,27.401
Fiji,FJI,1985,27.598
Fiji,FJI,1990,26.825
Fiji,FJI,1995,27.758
Fiji,FJI,2000,27.755
Fiji,FJI,2005,27.582
Fiji,FJI,2010,27.98
Fiji,FJI,2015,28.122
Finland,FIN,1950,29.269
Finland,FIN,1955,28.665
Finland,FIN,1960,28.227
Finland,FIN,1965,27.672
Finland,FIN,1970,26.967
Finland,FIN,1975,27.343
Finland,FIN,1980,28.022
Finland,FIN,1985,28.624
Finland,FIN,1990,28.954
Finland,FIN,1995,29.43
Finland,FIN,2000,29.726
Finland,FIN,2005,30.02
Finland,FIN,2010,30.394
Finland,FIN,2015,30.591
France,FRA,1950,28.557
France,FRA,1955,28.308
France,FRA,1960,27.95
France,FRA,1965,27.785
France,FRA,1970,27.449
France,FRA,1975,27.128
France,FRA,1980,27.607
France,FRA,1985,28.424
France,FRA,1990,29.111
France,FRA,1995,29.73
France,FRA,2000,30.009
France,FRA,2005,30.363
France,FRA,2010,30.705
France,FRA,2015,31.199
French Guiana,GUF,1950,28.201
French Guiana,GUF,1955,28.466
French Guiana,GUF,1960,28.706
French Guiana,GUF,1965,28.245
French Guiana,GUF,1970,27.394
French Guiana,GUF,1975,27.134
French Guiana,GUF,1980,27.512
French Guiana,GUF,1985,27.527
French Guiana,GUF,1990,27.437
French Guiana,GUF,1995,27.348
French Guiana,GUF,2000,27.59
French Guiana,GUF,2005,28.315
French Guiana,GUF,2010,28.674
French Guiana,GUF,2015,29.173
French Polynesia,PYF,1950,27.481
French Polynesia,PYF,1955,27.481
French Polynesia,PYF,1960,27.481
French Polynesia,PYF,1965,27.481
French Polynesia,PYF,1970,27.481
French Polynesia,PYF,1975,27.481
French Polynesia,PYF,1980,27.481
French Polynesia,PYF,1985,27.48
French Polynesia,PYF,1990,27.779
French Polynesia,PYF,1995,27.913
French Polynesia,PYF,2000,27.98
French Polynesia,PYF,2005,28.296
French Polynesia,PYF,2010,28.429
French Polynesia,PYF,2015,28.614
Gabon,GAB,1950,27.669
Gabon,GAB,1955,27.669
Gabon,GAB,1960,27.71
Gabon,GAB,1965,27.751
Gabon,GAB,1970,27.793
Gabon,GAB,1975,27.834
Gabon,GAB,1980,27.917
Gabon,GAB,1985,27.958
Gabon,GAB,1990,27.999
Gabon,GAB,1995,28.246
Gabon,GAB,2000,28.492
Gabon,GAB,2005,28.738
Gabon,GAB,2010,28.979
Gabon,GAB,2015,29.21
Gambia,GMB,1950,27.83
Gambia,GMB,1955,27.83
Gambia,GMB,1960,27.83
Gambia,GMB,1965,27.83
Gambia,GMB,1970,27.99
Gambia,GMB,1975,28.272
Gambia,GMB,1980,28.399
Gambia,GMB,1985,28.494
Gambia,GMB,1990,28.869
Gambia,GMB,1995,29.212
Gambia,GMB,2000,29.664
Gambia,GMB,2005,29.932
Gambia,GMB,2010,30.17
Gambia,GMB,2015,30.4
Georgia,GEO,1950,28.924
Georgia,GEO,1955,28.924
Georgia,GEO,1960,28.924
Georgia,GEO,1965,28.115
Georgia,GEO,1970,27.312
Georgia,GEO,1975,26.264
Georgia,GEO,1980,25.369
Georgia,GEO,1985,25.163
Georgia,GEO,1990,25.333
Georgia,GEO,1995,25.543
Georgia,GEO,2000,25.926
Georgia,GEO,2005,26.186
Georgia,GEO,2010,26.435
Georgia,GEO,2015,26.996
Germany,DEU,1950,27.677
Germany,DEU,1955,27.677
Germany,DEU,1960,27.27
Germany,DEU,1965,26.833
Germany,DEU,1970,26.363
Germany,DEU,1975,26.267
Germany,DEU,1980,26.674
Germany,DEU,1985,27.414
Germany,DEU,1990,27.954
Germany,DEU,1995,28.517
Germany,DEU,2000,29.057
Germany,DEU,2005,29.907
Germany,DEU,2010,30.659
Germany,DEU,2015,31.162
Ghana,GHA,1950,30.092
Ghana,GHA,1955,30.09
Ghana,GHA,1960,30.088
Ghana,GHA,1965,30.112
Ghana,GHA,1970,30.181
Ghana,GHA,1975,30.253
Ghana,GHA,1980,30.24
Ghana,GHA,1985,30.161
Ghana,GHA,1990,30.105
Ghana,GHA,1995,30.157
Ghana,GHA,2000,30.128
Ghana,GHA,2005,30.015
Ghana,GHA,2010,29.882
Ghana,GHA,2015,29.792
Greece,GRC,1950,29.896
Greece,GRC,1955,29.258
Greece,GRC,1960,28.583
Greece,GRC,1965,27.796
Greece,GRC,1970,27.221
Greece,GRC,1975,26.524
Greece,GRC,1980,26.179
Greece,GRC,1985,26.548
Greece,GRC,1990,27.57
Greece,GRC,1995,28.635
Greece,GRC,2000,29.45
Greece,GRC,2005,30.004
Greece,GRC,2010,30.739
Greece,GRC,2015,31.327
Grenada,GRD,1950,27.99
Grenada,GRD,1955,27.989
Grenada,GRD,1960,28.381
Grenada,GRD,1965,28.556
Grenada,GRD,1970,28.533
Grenada,GRD,1975,28.506
Grenada,GRD,1980,28.481
Grenada,GRD,1985,28.455
Grenada,GRD,1990,28.429
Grenada,GRD,1995,28.417
Grenada,GRD,2000,28.664
Grenada,GRD,2005,28.581
Grenada,GRD,2010,28.51
Grenada,GRD,2015,28.468
Guadeloupe,GLP,1950,30.051
Guadeloupe,GLP,1955,30.051
Guadeloupe,GLP,1960,30.051
Guadeloupe,GLP,1965,29.737
Guadeloupe,GLP,1970,29.424
Guadeloupe,GLP,1975,29.11
Guadeloupe,GLP,1980,28.796
Guadeloupe,GLP,1985,28.893
Guadeloupe,GLP,1990,28.99
Guadeloupe,GLP,1995,29.087
Guadeloupe,GLP,2000,29.515
Guadeloupe,GLP,2005,29.942
Guadeloupe,GLP,2010,29.956
Guadeloupe,GLP,2015,30.154
Guam,GUM,1950,29.027
Guam,GUM,1955,28.457
Guam,GUM,1960,28.358
Guam,GUM,1965,28.105
Guam,GUM,1970,27.35
Guam,GUM,1975,26.914
Guam,GUM,1980,26.791
Guam,GUM,1985,26.679
Guam,GUM,1990,26.74
Guam,GUM,1995,27.121
Guam,GUM,2000,27.683
Guam,GUM,2005,28.065
Guam,GUM,2010,28.432
Guam,GUM,2015,28.783
Guatemala,GTM,1950,29.089
Guatemala,GTM,1955,29.048
Guatemala,GTM,1960,28.999
Guatemala,GTM,1965,28.965
Guatemala,GTM,1970,28.959
Guatemala,GTM,1975,28.954
Guatemala,GTM,1980,28.903
Guatemala,GTM,1985,28.833
Guatemala,GTM,1990,28.752
Guatemala,GTM,1995,28.535
Guatemala,GTM,2000,28.535
Guatemala,GTM,2005,28.535
Guatemala,GTM,2010,28.535
Guatemala,GTM,2015,28.545
Guinea,GIN,1950,27.555
Guinea,GIN,1955,28.018
Guinea,GIN,1960,28.501
Guinea,GIN,1965,28.954
Guinea,GIN,1970,29.312
Guinea,GIN,1975,29.516
Guinea,GIN,1980,29.539
Guinea,GIN,1985,29.409
Guinea,GIN,1990,29.208
Guinea,GIN,1995,29.065
Guinea,GIN,2000,29.037
Guinea,GIN,2005,29.053
Guinea,GIN,2010,29.072
Guinea,GIN,2015,29.095
Guinea-Bissau,GNB,1950,28.957
Guinea-Bissau,GNB,1955,28.957
Guinea-Bissau,GNB,1960,28.957
Guinea-Bissau,GNB,1965,28.957
Guinea-Bissau,GNB,1970,28.981
Guinea-Bissau,GNB,1975,29.071
Guinea-Bissau,GNB,1980,29.233
Guinea-Bissau,GNB,1985,29.441
Guinea-Bissau,GNB,1990,29.62
Guinea-Bissau,GNB,1995,29.68
Guinea-Bissau,GNB,2000,29.567
Guinea-Bissau,GNB,2005,29.486
Guinea-Bissau,GNB,2010,29.673
Guinea-Bissau,GNB,2015,29.564
Guyana,GUY,1950,27.371
Guyana,GUY,1955,27.644
Guyana,GUY,1960,27.861
Guyana,GUY,1965,27.915
Guyana,GUY,1970,27.739
Guyana,GUY,1975,27.592
Guyana,GUY,1980,27.144
Guyana,GUY,1985,27.466
Guyana,GUY,1990,27.25
Guyana,GUY,1995,27.059
Guyana,GUY,2000,26.613
Guyana,GUY,2005,26.613
Guyana,GUY,2010,26.763
Guyana,GUY,2015,26.731
Haiti,HTI,1950,31.571
Haiti,HTI,1955,31.571
Haiti,HTI,1960,31.571
Haiti,HTI,1965,31.572
Haiti,HTI,1970,31.34
Haiti,HTI,1975,31.351
Haiti,HTI,1980,31.365
Haiti,HTI,1985,31.208
Haiti,HTI,1990,30.774
Haiti,HTI,1995,30.402
Haiti,HTI,2000,30.111
Haiti,HTI,2005,29.926
Haiti,HTI,2010,29.839
Haiti,HTI,2015,29.809
High-income countries,,1950,28.262
High-income countries,,1955,27.93
High-income countries,,1960,27.702
High-income countries,,1965,27.513
High-income countries,,1970,27.216
High-income countries,,1975,26.954
High-income countries,,1980,27.089
High-income countries,,1985,27.462
High-income countries,,1990,27.796
High-income countries,,1995,28.284
High-income countries,,2000,28.743
High-income countries,,2005,29.152
High-income countries,,2010,29.752
High-income countries,,2015,30.242
Honduras,HND,1950,29.397
Honduras,HND,1955,29.397
Honduras,HND,1960,29.396
Honduras,HND,1965,29.395
Honduras,HND,1970,29.394
Honduras,HND,1975,29.228
Honduras,HND,1980,28.969
Honduras,HND,1985,28.634
Honduras,HND,1990,28.403
Honduras,HND,1995,28.151
Honduras,HND,2000,27.84
Honduras,HND,2005,27.704
Honduras,HND,2010,27.704
Honduras,HND,2015,27.669
Hong Kong,HKG,1950,29.062
Hong Kong,HKG,1955,29.062
Hong Kong,HKG,1960,29.062
Hong Kong,HKG,1965,29.017
Hong Kong,HKG,1970,28.834
Hong Kong,HKG,1975,28.607
Hong Kong,HKG,1980,28.762
Hong Kong,HKG,1985,29.253
Hong Kong,HKG,1990,29.566
Hong Kong,HKG,1995,29.888
Hong Kong,HKG,2000,30.229
Hong Kong,HKG,2005,30.995
Hong Kong,HKG,2010,31.675
Hong Kong,HKG,2015,32.26
Hungary,HUN,1950,27.233
Hungary,HUN,1955,26.281
Hungary,HUN,1960,25.732
Hungary,HUN,1965,25.535
Hungary,HUN,1970,25.369
Hungary,HUN,1975,24.938
Hungary,HUN,1980,24.799
Hungary,HUN,1985,25.364
Hungary,HUN,1990,25.926
Hungary,HUN,1995,26.754
Hungary,HUN,2000,27.889
Hungary,HUN,2005,28.897
Hungary,HUN,2010,29.441
Hungary,HUN,2015,29.579
Iceland,ISL,1950,28.379
Iceland,ISL,1955,28.024
Iceland,ISL,1960,27.876
Iceland,ISL,1965,27.458
Iceland,ISL,1970,27.026
Iceland,ISL,1975,26.955
Iceland,ISL,1980,27.194
Iceland,ISL,1985,27.799
Iceland,ISL,1990,28.512
Iceland,ISL,1995,28.727
Iceland,ISL,2000,29.24
Iceland,ISL,2005,29.692
Iceland,ISL,2010,30.189
Iceland,ISL,2015,30.599
India,IND,1950,29.554
India,IND,1955,29.554
India,IND,1960,29.535
India,IND,1965,29.268
India,IND,1970,28.746
India,IND,1975,28.233
India,IND,1980,27.753
India,IND,1985,27.281
India,IND,1990,26.966
India,IND,1995,26.894
India,IND,2000,26.82
India,IND,2005,26.649
India,IND,2010,26.725
India,IND,2015,27.395
Indonesia,IDN,1950,28.265
Indonesia,IDN,1955,28.265
Indonesia,IDN,1960,28.055
Indonesia,IDN,1965,27.928
Indonesia,IDN,1970,28.265
Indonesia,IDN,1975,28.008
Indonesia,IDN,1980,27.95
Indonesia,IDN,1985,28.127
Indonesia,IDN,1990,28.217
Indonesia,IDN,1995,28.897
Indonesia,IDN,2000,28.151
Indonesia,IDN,2005,28.151
Indonesia,IDN,2010,28.151
Indonesia,IDN,2015,28.17
Iran,IRN,1950,29.295
Iran,IRN,1955,29.295
Iran,IRN,1960,29.295
Iran,IRN,1965,29.295
Iran,IRN,1970,29.295
Iran,IRN,1975,29.295
Iran,IRN,1980,29.326
Iran,IRN,1985,29.555
Iran,IRN,1990,29.251
Iran,IRN,1995,28.467
Iran,IRN,2000,28.233
Iran,IRN,2005,28.385
Iran,IRN,2010,28.652
Iran,IRN,2015,28.935
Iraq,IRQ,1950,28.697
Iraq,IRQ,1955,28.697
Iraq,IRQ,1960,28.697
Iraq,IRQ,1965,29.111
Iraq,IRQ,1970,29.862
Iraq,IRQ,1975,30.447
Iraq,IRQ,1980,30.826
Iraq,IRQ,1985,30.991
Iraq,IRQ,1990,30.963
Iraq,IRQ,1995,30.65
Iraq,IRQ,2000,30.211
Iraq,IRQ,2005,29.168
Iraq,IRQ,2010,28.754
Iraq,IRQ,2015,28.687
Ireland,IRL,1950,31.425
Ireland,IRL,1955,31.439
Ireland,IRL,1960,31.14
Ireland,IRL,1965,30.687
Ireland,IRL,1970,29.992
Ireland,IRL,1975,29.728
Ireland,IRL,1980,29.782
Ireland,IRL,1985,29.926
Ireland,IRL,1990,30.053
Ireland,IRL,1995,30.328
Ireland,IRL,2000,30.729
Ireland,IRL,2005,31.306
Ireland,IRL,2010,31.663
Ireland,IRL,2015,32.09
Israel,ISR,1950,27.685
Israel,ISR,1955,27.856
Israel,ISR,1960,28.085
Israel,ISR,1965,28.391
Israel,ISR,1970,28.434
Israel,ISR,1975,28.255
Israel,ISR,1980,28.264
Israel,ISR,1985,28.727
Israel,ISR,1990,29.09
Israel,ISR,1995,29.448
Israel,ISR,2000,29.764
Israel,ISR,2005,30.138
Israel,ISR,2010,30.395
Israel,ISR,2015,30.698
Italy,ITA,1950,29.808
Italy,ITA,1955,29.406
Italy,ITA,1960,28.989
Italy,ITA,1965,28.555
Italy,ITA,1970,27.969
Italy,ITA,1975,27.535
Italy,ITA,1980,27.745
Italy,ITA,1985,28.498
Italy,ITA,1990,29.302
Italy,ITA,1995,30.179
Italy,ITA,2000,30.646
Italy,ITA,2005,31.036
Italy,ITA,2010,31.493
Italy,ITA,2015,31.836
Jamaica,JAM,1950,27.375
Jamaica,JAM,1955,27.514
Jamaica,JAM,1960,27.668
Jamaica,JAM,1965,28.032
Jamaica,JAM,1970,27.689
Jamaica,JAM,1975,27.319
Jamaica,JAM,1980,27.152
Jamaica,JAM,1985,27.08
Jamaica,JAM,1990,27.037
Jamaica,JAM,1995,27.003
Jamaica,JAM,2000,27.051
Jamaica,JAM,2005,27.218
Jamaica,JAM,2010,27.443
Jamaica,JAM,2015,27.678
Japan,JPN,1950,29.305
Japan,JPN,1955,28.293
Japan,JPN,1960,27.668
Japan,JPN,1965,27.667
Japan,JPN,1970,27.555
Japan,JPN,1975,27.522
Japan,JPN,1980,27.915
Japan,JPN,1985,28.51
Japan,JPN,1990,29.063
Japan,JPN,1995,29.501
Japan,JPN,2000,29.734
Japan,JPN,2005,30.224
Japan,JPN,2010,30.838
Japan,JPN,2015,31.336
Jordan,JOR,1950,29.477
Jordan,JOR,1955,29.761
Jordan,JOR,1960,30.083
Jordan,JOR,1965,30.46
Jordan,JOR,1970,30.641
Jordan,JOR,1975,30.763
Jordan,JOR,1980,30.675
Jordan,JOR,1985,30.323
Jordan,JOR,1990,29.994
Jordan,JOR,1995,29.851
Jordan,JOR,2000,29.816
Jordan,JOR,2005,29.777
Jordan,JOR,2010,29.752
Jordan,JOR,2015,29.712
Kazakhstan,KAZ,1950,29.619
Kazakhstan,KAZ,1955,29.482
Kazakhstan,KAZ,1960,29.32
Kazakhstan,KAZ,1965,29.038
Kazakhstan,KAZ,1970,28.618
Kazakhstan,KAZ,1975,27.99
Kazakhstan,KAZ,1980,27.416
Kazakhstan,KAZ,1985,26.999
Kazakhstan,KAZ,1990,26.201
Kazakhstan,KAZ,1995,26.252
Kazakhstan,KAZ,2000,27.257
Kazakhstan,KAZ,2005,28.068
Kazakhstan,KAZ,2010,28.17
Kazakhstan,KAZ,2015,28.269
Kenya,KEN,1950,29.135
Kenya,KEN,1955,29.135
Kenya,KEN,1960,29.135
Kenya,KEN,1965,29.135
Kenya,KEN,1970,29.135
Kenya,KEN,1975,29.135
Kenya,KEN,1980,29.135
Kenya,KEN,1985,29.135
Kenya,KEN,1990,29.53
Kenya,KEN,1995,29.169
Kenya,KEN,2000,29.168
Kenya,KEN,2005,29.132
Kenya,KEN,2010,28.842
Kenya,KEN,2015,28.697
Kiribati,KIR,1950,30.22
Kiribati,KIR,1955,30.22
Kiribati,KIR,1960,30.22
Kiribati,KIR,1965,30.22
Kiribati,KIR,1970,30.22
Kiribati,KIR,1975,30.216
Kiribati,KIR,1980,30.215
Kiribati,KIR,1985,30.21
Kiribati,KIR,1990,30.207
Kiribati,KIR,1995,30.204
Kiribati,KIR,2000,30.336
Kiribati,KIR,2005,30.468
Kiribati,KIR,2010,30.601
Kiribati,KIR,2015,30.723
Kuwait,KWT,1950,28.091
Kuwait,KWT,1955,28.091
Kuwait,KWT,1960,28.108
Kuwait,KWT,1965,28.477
Kuwait,KWT,1970,28.467
Kuwait,KWT,1975,28.547
Kuwait,KWT,1980,29.168
Kuwait,KWT,1985,29.688
Kuwait,KWT,1990,29.81
Kuwait,KWT,1995,29.539
Kuwait,KWT,2000,29.741
Kuwait,KWT,2005,29.796
Kuwait,KWT,2010,30.014
Kuwait,KWT,2015,30.165
Kyrgyzstan,KGZ,1950,30.515
Kyrgyzstan,KGZ,1955,30.305
Kyrgyzstan,KGZ,1960,30.131
Kyrgyzstan,KGZ,1965,29.894
Kyrgyzstan,KGZ,1970,29.518
Kyrgyzstan,KGZ,1975,28.964
Kyrgyzstan,KGZ,1980,28.344
Kyrgyzstan,KGZ,1985,27.709
Kyrgyzstan,KGZ,1990,26.948
Kyrgyzstan,KGZ,1995,26.905
Kyrgyzstan,KGZ,2000,27.671
Kyrgyzstan,KGZ,2005,28.133
Kyrgyzstan,KGZ,2010,28.032
Kyrgyzstan,KGZ,2015,28.053
Land-locked Developing Countries (LLDC),,1950,29.867
Land-locked Developing Countries (LLDC),,1955,29.837
Land-locked Developing Countries (LLDC),,1960,29.792
Land-locked Developing Countries (LLDC),,1965,29.736
Land-locked Developing Countries (LLDC),,1970,29.652
Land-locked Developing Countries (LLDC),,1975,29.568
Land-locked Developing Countries (LLDC),,1980,29.506
Land-locked Developing Countries (LLDC),,1985,29.332
Land-locked Developing Countries (LLDC),,1990,29.001
Land-locked Developing Countries (LLDC),,1995,28.8
Land-locked Developing Countries (LLDC),,2000,28.803
Land-locked Developing Countries (LLDC),,2005,28.783
Land-locked Developing Countries (LLDC),,2010,28.646
Land-locked Developing Countries (LLDC),,2015,28.558
Laos,LAO,1950,29.552
Laos,LAO,1955,29.552
Laos,LAO,1960,29.552
Laos,LAO,1965,29.552
Laos,LAO,1970,29.552
Laos,LAO,1975,29.552
Laos,LAO,1980,29.552
Laos,LAO,1985,29.563
Laos,LAO,1990,29.565
Laos,LAO,1995,29.32
Laos,LAO,2000,28.753
Laos,LAO,2005,28.157
Laos,LAO,2010,27.606
Laos,LAO,2015,27.179
Latin America and the Caribbean,,1950,29.506
Latin America and the Caribbean,,1955,29.483
Latin America and the Caribbean,,1960,29.434
Latin America and the Caribbean,,1965,29.352
Latin America and the Caribbean,,1970,29.159
Latin America and the Caribbean,,1975,28.781
Latin America and the Caribbean,,1980,28.378
Latin America and the Caribbean,,1985,27.946
Latin America and the Caribbean,,1990,27.557
Latin America and the Caribbean,,1995,27.24
Latin America and the Caribbean,,2000,27.021
Latin America and the Caribbean,,2005,27.031
Latin America and the Caribbean,,2010,27.169
Latin America and the Caribbean,,2015,27.328
Latvia,LVA,1950,28.191
Latvia,LVA,1955,28.191
Latvia,LVA,1960,27.784
Latvia,LVA,1965,27.214
Latvia,LVA,1970,26.879
Latvia,LVA,1975,26.364
Latvia,LVA,1980,26.019
Latvia,LVA,1985,25.99
Latvia,LVA,1990,25.584
Latvia,LVA,1995,26.496
Latvia,LVA,2000,27.609
Latvia,LVA,2005,28.444
Latvia,LVA,2010,29.386
Latvia,LVA,2015,29.567
Least developed countries,,1950,29.444
Least developed countries,,1955,29.43
Least developed countries,,1960,29.434
Least developed countries,,1965,29.457
Least developed countries,,1970,29.486
Least developed countries,,1975,29.524
Least developed countries,,1980,29.542
Least developed countries,,1985,29.514
Least developed countries,,1990,29.369
Least developed countries,,1995,29.19
Least developed countries,,2000,29.017
Least developed countries,,2005,28.853
Least developed countries,,2010,28.717
Least developed countries,,2015,28.607
Lebanon,LBN,1950,29.335
Lebanon,LBN,1955,29.335
Lebanon,LBN,1960,29.335
Lebanon,LBN,1965,29.335
Lebanon,LBN,1970,29.335
Lebanon,LBN,1975,29.336
Lebanon,LBN,1980,28.974
Lebanon,LBN,1985,28.806
Lebanon,LBN,1990,28.887
Lebanon,LBN,1995,29.111
Lebanon,LBN,2000,29.366
Lebanon,LBN,2005,29.623
Lebanon,LBN,2010,29.623
Lebanon,LBN,2015,29.782
Lesotho,LSO,1950,31.073
Lesotho,LSO,1955,30.731
Lesotho,LSO,1960,30.417
Lesotho,LSO,1965,30.16
Lesotho,LSO,1970,30.059
Lesotho,LSO,1975,30.037
Lesotho,LSO,1980,29.993
Lesotho,LSO,1985,29.849
Lesotho,LSO,1990,29.467
Lesotho,LSO,1995,29.133
Lesotho,LSO,2000,28.607
Lesotho,LSO,2005,28.368
Lesotho,LSO,2010,28.166
Lesotho,LSO,2015,27.913
Less developed regions,,1950,29.584
Less developed regions,,1955,29.586
Less developed regions,,1960,29.581
Less developed regions,,1965,29.516
Less developed regions,,1970,29.29
Less developed regions,,1975,28.859
Less developed regions,,1980,28.376
Less developed regions,,1985,28.036
Less developed regions,,1990,27.784
Less developed regions,,1995,27.616
Less developed regions,,2000,27.587
Less developed regions,,2005,27.636
Less developed regions,,2010,27.71
Less developed regions,,2015,27.919
"Less developed regions, excluding China",,1950,29.54
"Less developed regions, excluding China",,1955,29.541
"Less developed regions, excluding China",,1960,29.503
"Less developed regions, excluding China",,1965,29.396
"Less developed regions, excluding China",,1970,29.228
"Less developed regions, excluding China",,1975,28.965
"Less developed regions, excluding China",,1980,28.728
"Less developed regions, excluding China",,1985,28.509
"Less developed regions, excluding China",,1990,28.267
"Less developed regions, excluding China",,1995,28.128
"Less developed regions, excluding China",,2000,28.005
"Less developed regions, excluding China",,2005,27.939
"Less developed regions, excluding China",,2010,27.955
"Less developed regions, excluding China",,2015,28.107
"Less developed regions, excluding least developed countries",,1950,29.613
"Less developed regions, excluding least developed countries",,1955,29.621
"Less developed regions, excluding least developed countries",,1960,29.613
"Less developed regions, excluding least developed countries",,1965,29.528
"Less developed regions, excluding least developed countries",,1970,29.259
"Less developed regions, excluding least developed countries",,1975,28.728
"Less developed regions, excluding least developed countries",,1980,28.139
"Less developed regions, excluding least developed countries",,1985,27.76
"Less developed regions, excluding least developed countries",,1990,27.496
"Less developed regions, excluding least developed countries",,1995,27.351
"Less developed regions, excluding least developed countries",,2000,27.365
"Less developed regions, excluding least developed countries",,2005,27.468
"Less developed regions, excluding least developed countries",,2010,27.6
"Less developed regions, excluding least developed countries",,2015,27.902
Liberia,LBR,1950,28.25
Liberia,LBR,1955,28.25
Liberia,LBR,1960,28.25
Liberia,LBR,1965,28.46
Liberia,LBR,1970,28.891
Liberia,LBR,1975,29.288
Liberia,LBR,1980,29.5
Liberia,LBR,1985,29.654
Liberia,LBR,1990,29.797
Liberia,LBR,1995,29.74
Liberia,LBR,2000,29.402
Liberia,LBR,2005,29.034
Liberia,LBR,2010,28.678
Liberia,LBR,2015,28.448
Libya,LBY,1950,29.346
Libya,LBY,1955,29.346
Libya,LBY,1960,29.346
Libya,LBY,1965,29.346
Libya,LBY,1970,29.346
Libya,LBY,1975,30.437
Libya,LBY,1980,31.338
Libya,LBY,1985,32.207
Libya,LBY,1990,32.426
Libya,LBY,1995,32.645
Libya,LBY,2000,32.864
Libya,LBY,2005,32.854
Libya,LBY,2010,32.854
Libya,LBY,2015,32.82
Lithuania,LTU,1950,29.323
Lithuania,LTU,1955,29.395
Lithuania,LTU,1960,29.142
Lithuania,LTU,1965,28.3
Lithuania,LTU,1970,27.619
Lithuania,LTU,1975,27.113
Lithuania,LTU,1980,27.039
Lithuania,LTU,1985,26.467
Lithuania,LTU,1990,25.625
Lithuania,LTU,1995,26.151
Lithuania,LTU,2000,27.063
Lithuania,LTU,2005,28.14
Lithuania,LTU,2010,29.143
Lithuania,LTU,2015,29.918
Low-income countries,,1950,29.862
Low-income countries,,1955,29.898
Low-income countries,,1960,29.873
Low-income countries,,1965,29.835
Low-income countries,,1970,29.792
Low-income countries,,1975,29.777
Low-income countries,,1980,29.802
Low-income countries,,1985,29.81
Low-income countries,,1990,29.683
Low-income countries,,1995,29.492
Low-income countries,,2000,29.374
Low-income countries,,2005,29.245
Low-income countries,,2010,29.106
Low-income countries,,2015,28.987
Lower-middle-income countries,,1950,29.362
Lower-middle-income countries,,1955,29.354
Lower-middle-income countries,,1960,29.315
Lower-middle-income countries,,1965,29.174
Lower-middle-income countries,,1970,28.98
Lower-middle-income countries,,1975,28.698
Lower-middle-income countries,,1980,28.428
Lower-middle-income countries,,1985,28.166
Lower-middle-income countries,,1990,27.939
Lower-middle-income countries,,1995,27.886
Lower-middle-income countries,,2000,27.778
Lower-middle-income countries,,2005,27.69
Lower-middle-income countries,,2010,27.706
Lower-middle-income countries,,2015,27.944
Luxembourg,LUX,1950,27.459
Luxembourg,LUX,1955,27.459
Luxembourg,LUX,1960,27.459
Luxembourg,LUX,1965,27.15
Luxembourg,LUX,1970,27.033
Luxembourg,LUX,1975,27.126
Luxembourg,LUX,1980,27.577
Luxembourg,LUX,1985,28.161
Luxembourg,LUX,1990,28.512
Luxembourg,LUX,1995,29.144
Luxembourg,LUX,2000,29.486
Luxembourg,LUX,2005,30.216
Luxembourg,LUX,2010,31.082
Luxembourg,LUX,2015,31.705
Macao,MAC,1950,30.322
Macao,MAC,1955,30.322
Macao,MAC,1960,31.377
Macao,MAC,1965,31.378
Macao,MAC,1970,31.01
Macao,MAC,1975,29.938
Macao,MAC,1980,28.059
Macao,MAC,1985,29.24
Macao,MAC,1990,29.34
Macao,MAC,1995,29.774
Macao,MAC,2000,29.665
Macao,MAC,2005,30.041
Macao,MAC,2010,30.084
Macao,MAC,2015,30.097
Madagascar,MDG,1950,29.34
Madagascar,MDG,1955,29.34
Madagascar,MDG,1960,29.34
Madagascar,MDG,1965,29.326
Madagascar,MDG,1970,29.307
Madagascar,MDG,1975,29.293
Madagascar,MDG,1980,29.274
Madagascar,MDG,1985,29.259
Madagascar,MDG,1990,29.241
Madagascar,MDG,1995,28.845
Madagascar,MDG,2000,28.482
Madagascar,MDG,2005,28.295
Madagascar,MDG,2010,28.111
Madagascar,MDG,2015,27.956
Malawi,MWI,1950,29.713
Malawi,MWI,1955,29.713
Malawi,MWI,1960,29.713
Malawi,MWI,1965,29.713
Malawi,MWI,1970,29.713
Malawi,MWI,1975,29.713
Malawi,MWI,1980,29.713
Malawi,MWI,1985,29.713
Malawi,MWI,1990,29.659
Malawi,MWI,1995,29.104
Malawi,MWI,2000,29.104
Malawi,MWI,2005,28.986
Malawi,MWI,2010,28.341
Malawi,MWI,2015,28.037
Malaysia,MYS,1950,29.414
Malaysia,MYS,1955,29.414
Malaysia,MYS,1960,29.414
Malaysia,MYS,1965,29.414
Malaysia,MYS,1970,29.529
Malaysia,MYS,1975,29.419
Malaysia,MYS,1980,29.582
Malaysia,MYS,1985,30.105
Malaysia,MYS,1990,29.971
Malaysia,MYS,1995,30.099
Malaysia,MYS,2000,30.405
Malaysia,MYS,2005,30.538
Malaysia,MYS,2010,30.74
Malaysia,MYS,2015,30.874
Maldives,MDV,1950,28.184
Maldives,MDV,1955,28.184
Maldives,MDV,1960,28.184
Maldives,MDV,1965,28.184
Maldives,MDV,1970,28.184
Maldives,MDV,1975,28.184
Maldives,MDV,1980,28.289
Maldives,MDV,1985,28.609
Maldives,MDV,1990,29.122
Maldives,MDV,1995,29.306
Maldives,MDV,2000,29.286
Maldives,MDV,2005,29.189
Maldives,MDV,2010,29.079
Maldives,MDV,2015,29.009
Mali,MLI,1950,29.046
Mali,MLI,1955,29.046
Mali,MLI,1960,29.155
Mali,MLI,1965,29.319
Mali,MLI,1970,29.414
Mali,MLI,1975,29.451
Mali,MLI,1980,29.416
Mali,MLI,1985,29.29
Mali,MLI,1990,29.179
Mali,MLI,1995,29.128
Mali,MLI,2000,29.152
Mali,MLI,2005,29.097
Mali,MLI,2010,29.043
Mali,MLI,2015,29.005
Malta,MLT,1950,29.004
Malta,MLT,1955,29.004
Malta,MLT,1960,29.004
Malta,MLT,1965,29.015
Malta,MLT,1970,28.822
Malta,MLT,1975,28.63
Malta,MLT,1980,28.748
Malta,MLT,1985,28.88
Malta,MLT,1990,28.847
Malta,MLT,1995,28.553
Malta,MLT,2000,28.226
Malta,MLT,2005,29.085
Malta,MLT,2010,29.836
Malta,MLT,2015,30.424
Martinique,MTQ,1950,30.335
Martinique,MTQ,1955,30.335
Martinique,MTQ,1960,30.335
Martinique,MTQ,1965,29.818
Martinique,MTQ,1970,29.301
Martinique,MTQ,1975,28.785
Martinique,MTQ,1980,28.268
Martinique,MTQ,1985,28.545
Martinique,MTQ,1990,28.821
Martinique,MTQ,1995,29.098
Martinique,MTQ,2000,29.642
Martinique,MTQ,2005,29.915
Martinique,MTQ,2010,30.185
Martinique,MTQ,2015,30.457
Mauritania,MRT,1950,29.386
Mauritania,MRT,1955,29.69
Mauritania,MRT,1960,29.977
Mauritania,MRT,1965,30.206
Mauritania,MRT,1970,30.359
Mauritania,MRT,1975,30.462
Mauritania,MRT,1980,30.575
Mauritania,MRT,1985,30.706
Mauritania,MRT,1990,30.758
Mauritania,MRT,1995,30.716
Mauritania,MRT,2000,30.617
Mauritania,MRT,2005,30.554
Mauritania,MRT,2010,30.511
Mauritania,MRT,2015,30.486
Mauritius,MUS,1950,28.055
Mauritius,MUS,1955,28.055
Mauritius,MUS,1960,28.731
Mauritius,MUS,1965,28.731
Mauritius,MUS,1970,28.406
Mauritius,MUS,1975,27.468
Mauritius,MUS,1980,27.64
Mauritius,MUS,1985,27.09
Mauritius,MUS,1990,27.1
Mauritius,MUS,1995,27.172
Mauritius,MUS,2000,27.275
Mauritius,MUS,2005,27.305
Mauritius,MUS,2010,27.822
Mauritius,MUS,2015,28.14
Mayotte,MYT,1950,28.676
Mayotte,MYT,1955,28.676
Mayotte,MYT,1960,28.676
Mayotte,MYT,1965,28.676
Mayotte,MYT,1970,28.676
Mayotte,MYT,1975,28.676
Mayotte,MYT,1980,28.966
Mayotte,MYT,1985,29.257
Mayotte,MYT,1990,29.548
Mayotte,MYT,1995,29.839
Mayotte,MYT,2000,29.839
Mayotte,MYT,2005,29.839
Mayotte,MYT,2010,29.839
Mayotte,MYT,2015,29.84
Melanesia,OWID_MNS,1950,30.161
Melanesia,OWID_MNS,1955,30.129
Melanesia,OWID_MNS,1960,30.113
Melanesia,OWID_MNS,1965,30.258
Melanesia,OWID_MNS,1970,30.087
Melanesia,OWID_MNS,1975,29.872
Melanesia,OWID_MNS,1980,29.718
Melanesia,OWID_MNS,1985,29.618
Melanesia,OWID_MNS,1990,29.491
Melanesia,OWID_MNS,1995,29.535
Melanesia,OWID_MNS,2000,29.483
Melanesia,OWID_MNS,2005,29.516
Melanesia,OWID_MNS,2010,29.546
Melanesia,OWID_MNS,2015,29.582
Mexico,MEX,1950,29.571
Mexico,MEX,1955,29.571
Mexico,MEX,1960,29.497
Mexico,MEX,1965,29.497
Mexico,MEX,1970,29.371
Mexico,MEX,1975,28.761
Mexico,MEX,1980,28.231
Mexico,MEX,1985,27.922
Mexico,MEX,1990,27.645
Mexico,MEX,1995,27.235
Mexico,MEX,2000,27.051
Mexico,MEX,2005,26.908
Mexico,MEX,2010,26.93
Mexico,MEX,2015,26.922
Micronesia (country),FSM,1950,29.837
Micronesia (country),FSM,1955,29.643
Micronesia (country),FSM,1960,29.583
Micronesia (country),FSM,1965,29.563
Micronesia (country),FSM,1970,29.283
Micronesia (country),FSM,1975,28.984
Micronesia (country),FSM,1980,28.858
Micronesia (country),FSM,1985,28.603
Micronesia (country),FSM,1990,28.456
Micronesia (country),FSM,1995,28.62
Micronesia (country),FSM,2000,28.789
Micronesia (country),FSM,2005,29.047
Micronesia (country),FSM,2010,29.316
Micronesia (country),FSM,2015,29.6
Middle Africa,,1950,28.757
Middle Africa,,1955,28.7
Middle Africa,,1960,28.653
Middle Africa,,1965,28.699
Middle Africa,,1970,28.823
Middle Africa,,1975,28.968
Middle Africa,,1980,29.092
Middle Africa,,1985,29.251
Middle Africa,,1990,29.321
Middle Africa,,1995,29.348
Middle Africa,,2000,29.306
Middle Africa,,2005,29.28
Middle Africa,,2010,29.16
Middle Africa,,2015,29.095
Middle-income countries,,1950,29.478
Middle-income countries,,1955,29.433
Middle-income countries,,1960,29.382
Middle-income countries,,1965,29.293
Middle-income countries,,1970,29.05
Middle-income countries,,1975,28.575
Middle-income countries,,1980,28.026
Middle-income countries,,1985,27.661
Middle-income countries,,1990,27.373
Middle-income countries,,1995,27.251
Middle-income countries,,2000,27.283
Middle-income countries,,2005,27.386
Middle-income countries,,2010,27.506
Middle-income countries,,2015,27.793
Moldova,MDA,1950,29.12
Moldova,MDA,1955,29.12
Moldova,MDA,1960,29.12
Moldova,MDA,1965,28.567
Moldova,MDA,1970,27.651
Moldova,MDA,1975,26.701
Moldova,MDA,1980,26.479
Moldova,MDA,1985,26.293
Moldova,MDA,1990,25.02
Moldova,MDA,1995,25.122
Moldova,MDA,2000,25.867
Moldova,MDA,2005,26.455
Moldova,MDA,2010,26.832
Moldova,MDA,2015,27.346
Mongolia,MNG,1950,31.468
Mongolia,MNG,1955,31.469
Mongolia,MNG,1960,31.469
Mongolia,MNG,1965,31.469
Mongolia,MNG,1970,31.469
Mongolia,MNG,1975,30.833
Mongolia,MNG,1980,30.197
Mongolia,MNG,1985,29.404
Mongolia,MNG,1990,28.159
Mongolia,MNG,1995,27.754
Mongolia,MNG,2000,28.017
Mongolia,MNG,2005,28.517
Mongolia,MNG,2010,28.831
Mongolia,MNG,2015,28.823
Montenegro,MNE,1950,30.417
Montenegro,MNE,1955,29.341
Montenegro,MNE,1960,28.837
Montenegro,MNE,1965,27.938
Montenegro,MNE,1970,27.578
Montenegro,MNE,1975,27.761
Montenegro,MNE,1980,27.267
Montenegro,MNE,1985,27.207
Montenegro,MNE,1990,27.337
Montenegro,MNE,1995,27.901
Montenegro,MNE,2000,28.099
Montenegro,MNE,2005,28.485
Montenegro,MNE,2010,28.937
Montenegro,MNE,2015,29.764
More developed regions,,1950,28.306
More developed regions,,1955,27.82
More developed regions,,1960,27.439
More developed regions,,1965,27.192
More developed regions,,1970,26.838
More developed regions,,1975,26.536
More developed regions,,1980,26.614
More developed regions,,1985,26.937
More developed regions,,1990,27.123
More developed regions,,1995,27.717
More developed regions,,2000,28.292
More developed regions,,2005,28.755
More developed regions,,2010,29.376
More developed regions,,2015,29.913
Morocco,MAR,1950,29.233
Morocco,MAR,1955,29.233
Morocco,MAR,1960,29.233
Morocco,MAR,1965,29.233
Morocco,MAR,1970,29.599
Morocco,MAR,1975,29.891
Morocco,MAR,1980,30.505
Morocco,MAR,1985,31.102
Morocco,MAR,1990,31.115
Morocco,MAR,1995,30.579
Morocco,MAR,2000,30.311
Morocco,MAR,2005,30.287
Morocco,MAR,2010,30.287
Morocco,MAR,2015,30.291
Mozambique,MOZ,1950,30.377
Mozambique,MOZ,1955,30.377
Mozambique,MOZ,1960,30.377
Mozambique,MOZ,1965,30.377
Mozambique,MOZ,1970,29.799
Mozambique,MOZ,1975,29.435
Mozambique,MOZ,1980,29.197
Mozambique,MOZ,1985,29.148
Mozambique,MOZ,1990,28.888
Mozambique,MOZ,1995,28.823
Mozambique,MOZ,2000,28.799
Mozambique,MOZ,2005,28.759
Mozambique,MOZ,2010,28.741
Mozambique,MOZ,2015,28.601
Myanmar,MMR,1950,29.615
Myanmar,MMR,1955,29.615
Myanmar,MMR,1960,29.615
Myanmar,MMR,1965,29.615
Myanmar,MMR,1970,29.615
Myanmar,MMR,1975,29.615
Myanmar,MMR,1980,30.025
Myanmar,MMR,1985,30.061
Myanmar,MMR,1990,30.096
Myanmar,MMR,1995,29.997
Myanmar,MMR,2000,29.898
Myanmar,MMR,2005,29.8
Myanmar,MMR,2010,29.701
Myanmar,MMR,2015,29.62
Namibia,NAM,1950,30.517
Namibia,NAM,1955,30.53
Namibia,NAM,1960,30.542
Namibia,NAM,1965,30.555
Namibia,NAM,1970,30.424
Namibia,NAM,1975,30.628
Namibia,NAM,1980,30.77
Namibia,NAM,1985,30.327
Namibia,NAM,1990,30.183
Namibia,NAM,1995,29.838
Namibia,NAM,2000,29.233
Namibia,NAM,2005,29.008
Namibia,NAM,2010,28.996
Namibia,NAM,2015,29.008
Nepal,NPL,1950,29.485
Nepal,NPL,1955,29.485
Nepal,NPL,1960,29.485
Nepal,NPL,1965,29.388
Nepal,NPL,1970,29.194
Nepal,NPL,1975,28.939
Nepal,NPL,1980,28.626
Nepal,NPL,1985,28.229
Nepal,NPL,1990,27.732
Nepal,NPL,1995,27.229
Nepal,NPL,2000,26.706
Nepal,NPL,2005,26.181
Nepal,NPL,2010,25.683
Nepal,NPL,2015,25.24
Netherlands,NLD,1950,30.701
Netherlands,NLD,1955,30.088
Netherlands,NLD,1960,29.393
Netherlands,NLD,1965,28.505
Netherlands,NLD,1970,27.694
Netherlands,NLD,1975,27.493
Netherlands,NLD,1980,28.024
Netherlands,NLD,1985,28.896
Netherlands,NLD,1990,29.701
Netherlands,NLD,1995,30.21
Netherlands,NLD,2000,30.405
Netherlands,NLD,2005,30.658
Netherlands,NLD,2010,30.828
Netherlands,NLD,2015,30.943
New Caledonia,NCL,1950,30.45
New Caledonia,NCL,1955,30.45
New Caledonia,NCL,1960,30.45
New Caledonia,NCL,1965,29.096
New Caledonia,NCL,1970,28.515
New Caledonia,NCL,1975,27.684
New Caledonia,NCL,1980,27.529
New Caledonia,NCL,1985,28.004
New Caledonia,NCL,1990,28.103
New Caledonia,NCL,1995,28.334
New Caledonia,NCL,2000,28.75
New Caledonia,NCL,2005,29.166
New Caledonia,NCL,2010,29.538
New Caledonia,NCL,2015,29.851
New Zealand,NZL,1950,27.374
New Zealand,NZL,1955,27.374
New Zealand,NZL,1960,27.374
New Zealand,NZL,1965,26.782
New Zealand,NZL,1970,26.312
New Zealand,NZL,1975,26.419
New Zealand,NZL,1980,26.961
New Zealand,NZL,1985,27.6
New Zealand,NZL,1990,28.218
New Zealand,NZL,1995,28.793
New Zealand,NZL,2000,29.38
New Zealand,NZL,2005,29.562
New Zealand,NZL,2010,29.863
New Zealand,NZL,2015,30.092
Nicaragua,NIC,1950,28.85
Nicaragua,NIC,1955,28.775
Nicaragua,NIC,1960,28.685
Nicaragua,NIC,1965,28.544
Nicaragua,NIC,1970,28.335
Nicaragua,NIC,1975,28.145
Nicaragua,NIC,1980,27.915
Nicaragua,NIC,1985,27.62
Nicaragua,NIC,1990,27.277
Nicaragua,NIC,1995,27.015
Nicaragua,NIC,2000,26.799
Nicaragua,NIC,2005,26.764
Nicaragua,NIC,2010,26.825
Nicaragua,NIC,2015,26.941
Niger,NER,1950,28.899
Niger,NER,1955,28.956
Niger,NER,1960,29.012
Niger,NER,1965,29.063
Niger,NER,1970,29.104
Niger,NER,1975,29.128
Niger,NER,1980,29.134
Niger,NER,1985,29.129
Niger,NER,1990,29.122
Niger,NER,1995,29.115
Niger,NER,2000,29.104
Niger,NER,2005,29.087
Niger,NER,2010,29.069
Niger,NER,2015,29.057
Nigeria,NGA,1950,29.5
Nigeria,NGA,1955,29.5
Nigeria,NGA,1960,29.5
Nigeria,NGA,1965,29.508
Nigeria,NGA,1970,29.553
Nigeria,NGA,1975,29.611
Nigeria,NGA,1980,29.664
Nigeria,NGA,1985,29.692
Nigeria,NGA,1990,29.722
Nigeria,NGA,1995,29.704
Nigeria,NGA,2000,29.792
Nigeria,NGA,2005,29.858
Nigeria,NGA,2010,29.801
Nigeria,NGA,2015,29.806
No income group available,,1950,29.934
No income group available,,1955,29.875
No income group available,,1960,29.868
No income group available,,1965,29.492
No income group available,,1970,28.925
No income group available,,1975,28.693
No income group available,,1980,28.453
No income group available,,1985,28.632
No income group available,,1990,28.517
No income group available,,1995,28.746
No income group available,,2000,29.09
No income group available,,2005,29.183
No income group available,,2010,29.323
No income group available,,2015,29.47
North Korea,PRK,1950,31.584
North Korea,PRK,1955,31.56
North Korea,PRK,1960,31.304
North Korea,PRK,1965,30.641
North Korea,PRK,1970,30.067
North Korea,PRK,1975,28.914
North Korea,PRK,1980,27.913
North Korea,PRK,1985,27.525
North Korea,PRK,1990,28.184
North Korea,PRK,1995,28.367
North Korea,PRK,2000,28.549
North Korea,PRK,2005,28.733
North Korea,PRK,2010,28.878
North Korea,PRK,2015,29.059
North Macedonia,MKD,1950,30.422
North Macedonia,MKD,1955,29.436
North Macedonia,MKD,1960,28.427
North Macedonia,MKD,1965,27.706
North Macedonia,MKD,1970,27.163
North Macedonia,MKD,1975,26.575
North Macedonia,MKD,1980,26.021
North Macedonia,MKD,1985,25.814
North Macedonia,MKD,1990,25.803
North Macedonia,MKD,1995,26.098
North Macedonia,MKD,2000,26.755
North Macedonia,MKD,2005,27.345
North Macedonia,MKD,2010,28.219
North Macedonia,MKD,2015,28.963
Northern Africa,,1950,29.122
Northern Africa,,1955,29.102
Northern Africa,,1960,29.079
Northern Africa,,1965,29.148
Northern Africa,,1970,29.311
Northern Africa,,1975,29.464
Northern Africa,,1980,29.678
Northern Africa,,1985,29.894
Northern Africa,,1990,29.8
Northern Africa,,1995,29.54
Northern Africa,,2000,29.317
Northern Africa,,2005,29.316
Northern Africa,,2010,29.249
Northern Africa,,2015,29.296
Northern Africa and Western Asia,,1950,29.163
Northern Africa and Western Asia,,1955,29.119
Northern Africa and Western Asia,,1960,29.054
Northern Africa and Western Asia,,1965,29.049
Northern Africa and Western Asia,,1970,29.148
Northern Africa and Western Asia,,1975,29.245
Northern Africa and Western Asia,,1980,29.391
Northern Africa and Western Asia,,1985,29.508
Northern Africa and Western Asia,,1990,29.405
Northern Africa and Western Asia,,1995,29.243
Northern Africa and Western Asia,,2000,29.164
Northern Africa and Western Asia,,2005,29.113
Northern Africa and Western Asia,,2010,29.127
Northern Africa and Western Asia,,2015,29.213
Northern America,,1950,26.755
Northern America,,1955,26.592
Northern America,,1960,26.638
Northern America,,1965,26.424
Northern America,,1970,26.037
Northern America,,1975,26.054
Northern America,,1980,26.304
Northern America,,1985,26.633
Northern America,,1990,26.783
Northern America,,1995,27.236
Northern America,,2000,27.835
Northern America,,2005,28.166
Northern America,,2010,28.861
Northern America,,2015,29.416
Northern Europe,,1950,27.074
Northern Europe,,1955,26.873
Northern Europe,,1960,26.694
Northern Europe,,1965,26.766
Northern Europe,,1970,26.856
Northern Europe,,1975,26.993
Northern Europe,,1980,27.366
Northern Europe,,1985,27.636
Northern Europe,,1990,28.032
Northern Europe,,1995,28.562
Northern Europe,,2000,29.1
Northern Europe,,2005,29.591
Northern Europe,,2010,30.132
Northern Europe,,2015,30.586
Norway,NOR,1950,29.485
Norway,NOR,1955,28.662
Norway,NOR,1960,28.335
Norway,NOR,1965,27.927
Norway,NOR,1970,27.295
Norway,NOR,1975,27.158
Norway,NOR,1980,27.589
Norway,NOR,1985,27.759
Norway,NOR,1990,28.407
Norway,NOR,1995,29.028
Norway,NOR,2000,29.524
Norway,NOR,2005,29.895
Norway,NOR,2010,30.401
Norway,NOR,2015,30.651
Oceania,,1950,28.286
Oceania,,1955,28.082
Oceania,,1960,28.087
Oceania,,1965,28.004
Oceania,,1970,27.759
Oceania,,1975,27.859
Oceania,,1980,28.02
Oceania,,1985,28.277
Oceania,,1990,28.542
Oceania,,1995,28.832
Oceania,,2000,29.155
Oceania,,2005,29.54
Oceania,,2010,29.858
Oceania,,2015,29.981
Oceania (excluding Australia and New Zealand),,1950,30.088
Oceania (excluding Australia and New Zealand),,1955,30.05
Oceania (excluding Australia and New Zealand),,1960,30.05
Oceania (excluding Australia and New Zealand),,1965,30.155
Oceania (excluding Australia and New Zealand),,1970,29.992
Oceania (excluding Australia and New Zealand),,1975,29.804
Oceania (excluding Australia and New Zealand),,1980,29.665
Oceania (excluding Australia and New Zealand),,1985,29.553
Oceania (excluding Australia and New Zealand),,1990,29.44
Oceania (excluding Australia and New Zealand),,1995,29.454
Oceania (excluding Australia and New Zealand),,2000,29.418
Oceania (excluding Australia and New Zealand),,2005,29.473
Oceania (excluding Australia and New Zealand),,2010,29.517
Oceania (excluding Australia and New Zealand),,2015,29.568
Oman,OMN,1950,31.597
Oman,OMN,1955,31.597
Oman,OMN,1960,31.597
Oman,OMN,1965,31.597
Oman,OMN,1970,31.369
Oman,OMN,1975,31.076
Oman,OMN,1980,31.055
Oman,OMN,1985,30.977
Oman,OMN,1990,30.687
Oman,OMN,1995,30.48
Oman,OMN,2000,30.61
Oman,OMN,2005,30.789
Oman,OMN,2010,30.847
Oman,OMN,2015,31.136
Other non-specified areas,,1950,30.552
Other non-specified areas,,1955,30.234
Other non-specified areas,,1960,29.299
Other non-specified areas,,1965,27.991
Other non-specified areas,,1970,27.184
Other non-specified areas,,1975,26.365
Other non-specified areas,,1980,26.27
Other non-specified areas,,1985,26.762
Other non-specified areas,,1990,27.349
Other non-specified areas,,1995,27.937
Other non-specified areas,,2000,28.389
Other non-specified areas,,2005,29.557
Other non-specified areas,,2010,30.828
Other non-specified areas,,2015,31.701
Pakistan,PAK,1950,29.946
Pakistan,PAK,1955,29.946
Pakistan,PAK,1960,29.946
Pakistan,PAK,1965,29.946
Pakistan,PAK,1970,29.974
Pakistan,PAK,1975,30.003
Pakistan,PAK,1980,29.99
Pakistan,PAK,1985,29.917
Pakistan,PAK,1990,29.857
Pakistan,PAK,1995,29.798
Pakistan,PAK,2000,29.672
Pakistan,PAK,2005,29.352
Pakistan,PAK,2010,28.878
Pakistan,PAK,2015,28.578
Palestine,PSE,1950,29.923
Palestine,PSE,1955,29.923
Palestine,PSE,1960,29.923
Palestine,PSE,1965,29.924
Palestine,PSE,1970,29.925
Palestine,PSE,1975,29.888
Palestine,PSE,1980,29.968
Palestine,PSE,1985,29.531
Palestine,PSE,1990,29.058
Palestine,PSE,1995,28.834
Palestine,PSE,2000,28.937
Palestine,PSE,2005,28.886
Palestine,PSE,2010,28.886
Palestine,PSE,2015,28.866
Panama,PAN,1950,28.315
Panama,PAN,1955,28.328
Panama,PAN,1960,28.263
Panama,PAN,1965,27.965
Panama,PAN,1970,27.593
Panama,PAN,1975,27.301
Panama,PAN,1980,27.103
Panama,PAN,1985,26.962
Panama,PAN,1990,26.57
Panama,PAN,1995,26.683
Panama,PAN,2000,26.683
Panama,PAN,2005,26.683
Panama,PAN,2010,26.683
Panama,PAN,2015,26.708
Papua New Guinea,PNG,1950,30.354
Papua New Guinea,PNG,1955,30.357
Papua New Guinea,PNG,1960,30.36
Papua New Guinea,PNG,1965,30.383
Papua New Guinea,PNG,1970,30.35
Papua New Guinea,PNG,1975,30.252
Papua New Guinea,PNG,1980,30.118
Papua New Guinea,PNG,1985,29.963
Papua New Guinea,PNG,1990,29.898
Papua New Guinea,PNG,1995,29.831
Papua New Guinea,PNG,2000,29.758
Papua New Guinea,PNG,2005,29.777
Papua New Guinea,PNG,2010,29.796
Papua New Guinea,PNG,2015,29.814
Paraguay,PRY,1950,29.968
Paraguay,PRY,1955,29.988
Paraguay,PRY,1960,29.999
Paraguay,PRY,1965,29.884
Paraguay,PRY,1970,29.604
Paraguay,PRY,1975,29.558
Paraguay,PRY,1980,29.506
Paraguay,PRY,1985,29.301
Paraguay,PRY,1990,28.922
Paraguay,PRY,1995,28.548
Paraguay,PRY,2000,28.334
Paraguay,PRY,2005,28.098
Paraguay,PRY,2010,27.991
Paraguay,PRY,2015,27.848
Peru,PER,1950,29.953
Peru,PER,1955,29.972
Peru,PER,1960,30.034
Peru,PER,1965,30.083
Peru,PER,1970,30.038
Peru,PER,1975,29.899
Peru,PER,1980,29.542
Peru,PER,1985,29.207
Peru,PER,1990,28.92
Peru,PER,1995,28.651
Peru,PER,2000,28.437
Peru,PER,2005,28.471
Peru,PER,2010,28.534
Peru,PER,2015,28.605
Philippines,PHL,1950,30.703
Philippines,PHL,1955,30.703
Philippines,PHL,1960,30.704
Philippines,PHL,1965,30.703
Philippines,PHL,1970,30.704
Philippines,PHL,1975,30.443
Philippines,PHL,1980,30.162
Philippines,PHL,1985,29.869
Philippines,PHL,1990,29.392
Philippines,PHL,1995,29.174
Philippines,PHL,2000,28.943
Philippines,PHL,2005,28.809
Philippines,PHL,2010,28.917
Philippines,PHL,2015,28.903
Poland,POL,1950,28.868
Poland,POL,1955,28.075
Poland,POL,1960,27.331
Poland,POL,1965,27.189
Poland,POL,1970,27.007
Poland,POL,1975,26.663
Poland,POL,1980,26.517
Poland,POL,1985,26.319
Poland,POL,1990,26.398
Poland,POL,1995,27.095
Poland,POL,2000,27.757
Poland,POL,2005,28.456
Poland,POL,2010,28.899
Poland,POL,2015,29.467
Polynesia,OWID_PYA,1950,29.493
Polynesia,OWID_PYA,1955,29.525
Polynesia,OWID_PYA,1960,29.729
Polynesia,OWID_PYA,1965,29.529
Polynesia,OWID_PYA,1970,29.457
Polynesia,OWID_PYA,1975,29.533
Polynesia,OWID_PYA,1980,29.502
Polynesia,OWID_PYA,1985,29.405
Polynesia,OWID_PYA,1990,29.583
Polynesia,OWID_PYA,1995,29.2
Polynesia,OWID_PYA,2000,29.296
Polynesia,OWID_PYA,2005,29.525
Polynesia,OWID_PYA,2010,29.608
Polynesia,OWID_PYA,2015,29.695
Portugal,PRT,1950,30.179
Portugal,PRT,1955,29.786
Portugal,PRT,1960,29.589
Portugal,PRT,1965,29.276
Portugal,PRT,1970,28.972
Portugal,PRT,1975,28.077
Portugal,PRT,1980,27.182
Portugal,PRT,1985,27.222
Portugal,PRT,1990,27.667
Portugal,PRT,1995,28.343
Portugal,PRT,2000,28.933
Portugal,PRT,2005,29.528
Portugal,PRT,2010,30.261
Portugal,PRT,2015,30.914
Puerto Rico,PRI,1950,27.535
Puerto Rico,PRI,1955,27.535
Puerto Rico,PRI,1960,27.535
Puerto Rico,PRI,1965,27.145
Puerto Rico,PRI,1970,26.94
Puerto Rico,PRI,1975,26.532
Puerto Rico,PRI,1980,26.244
Puerto Rico,PRI,1985,26.074
Puerto Rico,PRI,1990,25.885
Puerto Rico,PRI,1995,25.886
Puerto Rico,PRI,2000,25.88
Puerto Rico,PRI,2005,26.505
Puerto Rico,PRI,2010,26.244
Puerto Rico,PRI,2015,26.873
Qatar,QAT,1950,28.059
Qatar,QAT,1955,28.059
Qatar,QAT,1960,28.059
Qatar,QAT,1965,28.059
Qatar,QAT,1970,28.059
Qatar,QAT,1975,28.059
Qatar,QAT,1980,28.059
Qatar,QAT,1985,28.059
Qatar,QAT,1990,28.647
Qatar,QAT,1995,28.963
Qatar,QAT,2000,29.951
Qatar,QAT,2005,30.228
Qatar,QAT,2010,29.891
Qatar,QAT,2015,29.868
Reunion,REU,1950,30.379
Reunion,REU,1955,30.273
Reunion,REU,1960,30.216
Reunion,REU,1965,29.787
Reunion,REU,1970,28.706
Reunion,REU,1975,28.437
Reunion,REU,1980,27.86
Reunion,REU,1985,28.18
Reunion,REU,1990,27.663
Reunion,REU,1995,28.282
Reunion,REU,2000,28.901
Reunion,REU,2005,28.478
Reunion,REU,2010,28.478
Reunion,REU,2015,28.29
Romania,ROU,1950,27.805
Romania,ROU,1955,27.377
Romania,ROU,1960,26.296
Romania,ROU,1965,26.604
Romania,ROU,1970,26.413
Romania,ROU,1975,25.63
Romania,ROU,1980,25.192
Romania,ROU,1985,25.765
Romania,ROU,1990,24.988
Romania,ROU,1995,25.368
Romania,ROU,2000,26.25
Romania,ROU,2005,26.841
Romania,ROU,2010,27.38
Romania,ROU,2015,27.819
Russia,RUS,1950,29.322
Russia,RUS,1955,28.588
Russia,RUS,1960,27.755
Russia,RUS,1965,27.273
Russia,RUS,1970,26.636
Russia,RUS,1975,25.977
Russia,RUS,1980,25.793
Russia,RUS,1985,25.895
Russia,RUS,1990,24.8
Russia,RUS,1995,25.308
Russia,RUS,2000,26.177
Russia,RUS,2005,26.988
Russia,RUS,2010,27.884
Russia,RUS,2015,28.591
Rwanda,RWA,1950,31.567
Rwanda,RWA,1955,31.567
Rwanda,RWA,1960,31.567
Rwanda,RWA,1965,31.567
Rwanda,RWA,1970,31.567
Rwanda,RWA,1975,31.567
Rwanda,RWA,1980,31.567
Rwanda,RWA,1985,31.36
Rwanda,RWA,1990,31.152
Rwanda,RWA,1995,30.945
Rwanda,RWA,2000,30.864
Rwanda,RWA,2005,30.782
Rwanda,RWA,2010,30.385
Rwanda,RWA,2015,30.318
Saint Lucia,LCA,1950,27.754
Saint Lucia,LCA,1955,28.379
Saint Lucia,LCA,1960,28.682
Saint Lucia,LCA,1965,28.407
Saint Lucia,LCA,1970,28.079
Saint Lucia,LCA,1975,27.681
Saint Lucia,LCA,1980,26.913
Saint Lucia,LCA,1985,26.786
Saint Lucia,LCA,1990,27.21
Saint Lucia,LCA,1995,27.717
Saint Lucia,LCA,2000,27.891
Saint Lucia,LCA,2005,27.849
Saint Lucia,LCA,2010,27.719
Saint Lucia,LCA,2015,27.751
Saint Vincent and the Grenadines,VCT,1950,27.965
Saint Vincent and the Grenadines,VCT,1955,27.965
Saint Vincent and the Grenadines,VCT,1960,27.912
Saint Vincent and the Grenadines,VCT,1965,27.794
Saint Vincent and the Grenadines,VCT,1970,27.675
Saint Vincent and the Grenadines,VCT,1975,27.555
Saint Vincent and the Grenadines,VCT,1980,27.435
Saint Vincent and the Grenadines,VCT,1985,27.318
Saint Vincent and the Grenadines,VCT,1990,27.215
Saint Vincent and the Grenadines,VCT,1995,27.371
Saint Vincent and the Grenadines,VCT,2000,27.265
Saint Vincent and the Grenadines,VCT,2005,27.156
Saint Vincent and the Grenadines,VCT,2010,27.114
Saint Vincent and the Grenadines,VCT,2015,27.116
Samoa,WSM,1950,30.27
Samoa,WSM,1955,30.27
Samoa,WSM,1960,30.27
Samoa,WSM,1965,30.399
Samoa,WSM,1970,30.346
Samoa,WSM,1975,30.567
Samoa,WSM,1980,30.789
Samoa,WSM,1985,31.01
Samoa,WSM,1990,31.231
Samoa,WSM,1995,29.798
Samoa,WSM,2000,29.999
Samoa,WSM,2005,30.143
Samoa,WSM,2010,30.229
Samoa,WSM,2015,30.332
Sao Tome and Principe,STP,1950,28.23
Sao Tome and Principe,STP,1955,28.23
Sao Tome and Principe,STP,1960,28.23
Sao Tome and Principe,STP,1965,28.23
Sao Tome and Principe,STP,1970,28.23
Sao Tome and Principe,STP,1975,28.23
Sao Tome and Principe,STP,1980,28.151
Sao Tome and Principe,STP,1985,28.218
Sao Tome and Principe,STP,1990,28.292
Sao Tome and Principe,STP,1995,28.373
Sao Tome and Principe,STP,2000,28.465
Sao Tome and Principe,STP,2005,28.567
Sao Tome and Principe,STP,2010,28.683
Sao Tome and Principe,STP,2015,28.807
Saudi Arabia,SAU,1950,30.602
Saudi Arabia,SAU,1955,30.602
Saudi Arabia,SAU,1960,30.602
Saudi Arabia,SAU,1965,30.602
Saudi Arabia,SAU,1970,30.602
Saudi Arabia,SAU,1975,30.602
Saudi Arabia,SAU,1980,30.623
Saudi Arabia,SAU,1985,30.848
Saudi Arabia,SAU,1990,31.168
Saudi Arabia,SAU,1995,31.474
Saudi Arabia,SAU,2000,31.634
Saudi Arabia,SAU,2005,31.828
Saudi Arabia,SAU,2010,32.056
Saudi Arabia,SAU,2015,32.194
Senegal,SEN,1950,28.642
Senegal,SEN,1955,28.891
Senegal,SEN,1960,29.16
Senegal,SEN,1965,29.417
Senegal,SEN,1970,29.6
Senegal,SEN,1975,29.747
Senegal,SEN,1980,29.911
Senegal,SEN,1985,30.079
Senegal,SEN,1990,30.174
Senegal,SEN,1995,30.085
Senegal,SEN,2000,29.916
Senegal,SEN,2005,29.914
Senegal,SEN,2010,30.151
Senegal,SEN,2015,30.259
Serbia,SRB,1950,28.007
Serbia,SRB,1955,26.672
Serbia,SRB,1960,26.376
Serbia,SRB,1965,25.964
Serbia,SRB,1970,25.989
Serbia,SRB,1975,26.177
Serbia,SRB,1980,26.153
Serbia,SRB,1985,26.208
Serbia,SRB,1990,26.525
Serbia,SRB,1995,26.843
Serbia,SRB,2000,27.163
Serbia,SRB,2005,27.843
Serbia,SRB,2010,28.599
Serbia,SRB,2015,29.379
Seychelles,SYC,1950,27.832
Seychelles,SYC,1955,27.832
Seychelles,SYC,1960,27.832
Seychelles,SYC,1965,27.832
Seychelles,SYC,1970,27.832
Seychelles,SYC,1975,27.832
Seychelles,SYC,1980,28.014
Seychelles,SYC,1985,27.715
Seychelles,SYC,1990,27.263
Seychelles,SYC,1995,27.092
Seychelles,SYC,2000,27.303
Seychelles,SYC,2005,27.515
Seychelles,SYC,2010,27.426
Seychelles,SYC,2015,27.509
Sierra Leone,SLE,1950,28.724
Sierra Leone,SLE,1955,28.724
Sierra Leone,SLE,1960,28.724
Sierra Leone,SLE,1965,28.724
Sierra Leone,SLE,1970,28.724
Sierra Leone,SLE,1975,28.724
Sierra Leone,SLE,1980,28.724
Sierra Leone,SLE,1985,29.251
Sierra Leone,SLE,1990,29.723
Sierra Leone,SLE,1995,29.942
Sierra Leone,SLE,2000,29.778
Sierra Leone,SLE,2005,29.381
Sierra Leone,SLE,2010,29.039
Sierra Leone,SLE,2015,28.73
Singapore,SGP,1950,28.95
Singapore,SGP,1955,29.323
Singapore,SGP,1960,29.671
Singapore,SGP,1965,29.064
Singapore,SGP,1970,28.612
Singapore,SGP,1975,28.166
Singapore,SGP,1980,28.409
Singapore,SGP,1985,29.184
Singapore,SGP,1990,29.632
Singapore,SGP,1995,29.889
Singapore,SGP,2000,30.1
Singapore,SGP,2005,30.546
Singapore,SGP,2010,31.213
Singapore,SGP,2015,31.317
Slovakia,SVK,1950,28.06
Slovakia,SVK,1955,27.395
Slovakia,SVK,1960,26.755
Slovakia,SVK,1965,26.454
Slovakia,SVK,1970,26.181
Slovakia,SVK,1975,25.688
Slovakia,SVK,1980,25.3
Slovakia,SVK,1985,25.102
Slovakia,SVK,1990,25.242
Slovakia,SVK,1995,26.118
Slovakia,SVK,2000,27.157
Slovakia,SVK,2005,28.211
Slovakia,SVK,2010,28.8
Slovakia,SVK,2015,29.073
Slovenia,SVN,1950,29.709
Slovenia,SVN,1955,28.551
Slovenia,SVN,1960,27.536
Slovenia,SVN,1965,26.925
Slovenia,SVN,1970,26.225
Slovenia,SVN,1975,25.644
Slovenia,SVN,1980,25.525
Slovenia,SVN,1985,25.545
Slovenia,SVN,1990,26.197
Slovenia,SVN,1995,27.555
Slovenia,SVN,2000,28.802
Slovenia,SVN,2005,29.778
Slovenia,SVN,2010,30.098
Slovenia,SVN,2015,30.454
Small Island Developing States (SIDS),,1950,29.012
Small Island Developing States (SIDS),,1955,29.018
Small Island Developing States (SIDS),,1960,28.986
Small Island Developing States (SIDS),,1965,28.965
Small Island Developing States (SIDS),,1970,28.741
Small Island Developing States (SIDS),,1975,28.499
Small Island Developing States (SIDS),,1980,28.474
Small Island Developing States (SIDS),,1985,28.315
Small Island Developing States (SIDS),,1990,28.147
Small Island Developing States (SIDS),,1995,27.99
Small Island Developing States (SIDS),,2000,27.903
Small Island Developing States (SIDS),,2005,27.983
Small Island Developing States (SIDS),,2010,28.114
Small Island Developing States (SIDS),,2015,28.279
Solomon Islands,SLB,1950,31.456
Solomon Islands,SLB,1955,31.456
Solomon Islands,SLB,1960,31.456
Solomon Islands,SLB,1965,31.456
Solomon Islands,SLB,1970,30.056
Solomon Islands,SLB,1975,29.808
Solomon Islands,SLB,1980,29.56
Solomon Islands,SLB,1985,29.389
Solomon Islands,SLB,1990,29.27
Solomon Islands,SLB,1995,29.151
Solomon Islands,SLB,2000,29.228
Solomon Islands,SLB,2005,29.43
Solomon Islands,SLB,2010,28.875
Solomon Islands,SLB,2015,28.875
Somalia,SOM,1950,32.158
Somalia,SOM,1955,32.158
Somalia,SOM,1960,32.158
Somalia,SOM,1965,32.158
Somalia,SOM,1970,32.158
Somalia,SOM,1975,32.158
Somalia,SOM,1980,32.158
Somalia,SOM,1985,31.895
Somalia,SOM,1990,31.632
Somalia,SOM,1995,31.369
Somalia,SOM,2000,31.239
Somalia,SOM,2005,30.419
Somalia,SOM,2010,30.13
Somalia,SOM,2015,29.679
South Africa,ZAF,1950,31.044
South Africa,ZAF,1955,30.972
South Africa,ZAF,1960,30.887
South Africa,ZAF,1965,30.769
South Africa,ZAF,1970,30.33
South Africa,ZAF,1975,29.854
South Africa,ZAF,1980,29.431
South Africa,ZAF,1985,29.057
South Africa,ZAF,1990,28.64
South Africa,ZAF,1995,28.316
South Africa,ZAF,2000,28.186
South Africa,ZAF,2005,27.978
South Africa,ZAF,2010,27.795
South Africa,ZAF,2015,27.718
South America,,1950,29.638
South America,,1955,29.601
South America,,1960,29.56
South America,,1965,29.45
South America,,1970,29.25
South America,,1975,28.91
South America,,1980,28.464
South America,,1985,27.944
South America,,1990,27.484
South America,,1995,27.173
South America,,2000,26.923
South America,,2005,26.987
South America,,2010,27.19
South America,,2015,27.411
South Korea,KOR,1950,30.485
South Korea,KOR,1955,30.485
South Korea,KOR,1960,30.209
South Korea,KOR,1965,29.773
South Korea,KOR,1970,29.262
South Korea,KOR,1975,28.106
South Korea,KOR,1980,27.051
South Korea,KOR,1985,26.768
South Korea,KOR,1990,27.627
South Korea,KOR,1995,28.382
South Korea,KOR,2000,29.344
South Korea,KOR,2005,30.246
South Korea,KOR,2010,31.344
South Korea,KOR,2015,32.269
South Sudan,SSD,1950,29.247
South Sudan,SSD,1955,29.247
South Sudan,SSD,1960,29.247
South Sudan,SSD,1965,29.248
South Sudan,SSD,1970,29.265
South Sudan,SSD,1975,29.435
South Sudan,SSD,1980,29.607
South Sudan,SSD,1985,29.779
South Sudan,SSD,1990,29.948
South Sudan,SSD,1995,30.12
South Sudan,SSD,2000,30.293
South Sudan,SSD,2005,30.065
South Sudan,SSD,2010,29.783
South Sudan,SSD,2015,29.567
South-Eastern Asia,,1950,29.686
South-Eastern Asia,,1955,29.703
South-Eastern Asia,,1960,29.642
South-Eastern Asia,,1965,29.604
South-Eastern Asia,,1970,29.676
South-Eastern Asia,,1975,29.322
South-Eastern Asia,,1980,29.055
South-Eastern Asia,,1985,28.922
South-Eastern Asia,,1990,28.686
South-Eastern Asia,,1995,28.788
South-Eastern Asia,,2000,28.367
South-Eastern Asia,,2005,28.277
South-Eastern Asia,,2010,28.261
South-Eastern Asia,,2015,28.323
Southern Africa,,1950,30.976
Southern Africa,,1955,30.896
Southern Africa,,1960,30.804
Southern Africa,,1965,30.68
Southern Africa,,1970,30.279
Southern Africa,,1975,29.869
Southern Africa,,1980,29.503
Southern Africa,,1985,29.145
Southern Africa,,1990,28.748
Southern Africa,,1995,28.41
Southern Africa,,2000,28.218
Southern Africa,,2005,28.024
Southern Africa,,2010,27.859
Southern Africa,,2015,27.778
Southern Asia,,1950,29.462
Southern Asia,,1955,29.455
Southern Asia,,1960,29.436
Southern Asia,,1965,29.24
Southern Asia,,1970,28.876
Southern Asia,,1975,28.507
Southern Asia,,1980,28.127
Southern Asia,,1985,27.758
Southern Asia,,1990,27.469
Southern Asia,,1995,27.361
Southern Asia,,2000,27.261
Southern Asia,,2005,27.082
Southern Asia,,2010,27.059
Southern Asia,,2015,27.486
Southern Europe,,1950,29.82
Southern Europe,,1955,29.341
Southern Europe,,1960,29.019
Southern Europe,,1965,28.619
Southern Europe,,1970,28.095
Southern Europe,,1975,27.606
Southern Europe,,1980,27.455
Southern Europe,,1985,27.797
Southern Europe,,1990,28.445
Southern Europe,,1995,29.207
Southern Europe,,2000,29.777
Southern Europe,,2005,30.27
Southern Europe,,2010,30.838
Southern Europe,,2015,31.328
Spain,ESP,1950,30.538
Spain,ESP,1955,30.05
Spain,ESP,1960,29.982
Spain,ESP,1965,29.831
Spain,ESP,1970,29.117
Spain,ESP,1975,28.491
Spain,ESP,1980,28.356
Spain,ESP,1985,28.643
Spain,ESP,1990,29.39
Spain,ESP,1995,30.438
Spain,ESP,2000,30.801
Spain,ESP,2005,30.923
Spain,ESP,2010,31.559
Spain,ESP,2015,32.09
Sri Lanka,LKA,1950,29.189
Sri Lanka,LKA,1955,29.189
Sri Lanka,LKA,1960,29.195
Sri Lanka,LKA,1965,29.424
Sri Lanka,LKA,1970,29.688
Sri Lanka,LKA,1975,29.2
Sri Lanka,LKA,1980,28.684
Sri Lanka,LKA,1985,28.694
Sri Lanka,LKA,1990,29.124
Sri Lanka,LKA,1995,29.284
Sri Lanka,LKA,2000,28.896
Sri Lanka,LKA,2005,29.223
Sri Lanka,LKA,2010,28.961
Sri Lanka,LKA,2015,28.903
Sub-Saharan Africa,,1950,29.627
Sub-Saharan Africa,,1955,29.644
Sub-Saharan Africa,,1960,29.673
Sub-Saharan Africa,,1965,29.705
Sub-Saharan Africa,,1970,29.701
Sub-Saharan Africa,,1975,29.708
Sub-Saharan Africa,,1980,29.725
Sub-Saharan Africa,,1985,29.707
Sub-Saharan Africa,,1990,29.634
Sub-Saharan Africa,,1995,29.501
Sub-Saharan Africa,,2000,29.446
Sub-Saharan Africa,,2005,29.378
Sub-Saharan Africa,,2010,29.257
Sub-Saharan Africa,,2015,29.161
Sudan,SDN,1950,29.279
Sudan,SDN,1955,29.279
Sudan,SDN,1960,29.279
Sudan,SDN,1965,29.279
Sudan,SDN,1970,29.279
Sudan,SDN,1975,29.745
Sudan,SDN,1980,29.911
Sudan,SDN,1985,30.413
Sudan,SDN,1990,30.203
Sudan,SDN,1995,29.875
Sudan,SDN,2000,29.302
Sudan,SDN,2005,29.246
Sudan,SDN,2010,29.775
Sudan,SDN,2015,30.016
Suriname,SUR,1950,27.805
Suriname,SUR,1955,27.805
Suriname,SUR,1960,27.805
Suriname,SUR,1965,27.705
Suriname,SUR,1970,27.49
Suriname,SUR,1975,27.29
Suriname,SUR,1980,27.115
Suriname,SUR,1985,26.92
Suriname,SUR,1990,26.735
Suriname,SUR,1995,26.625
Suriname,SUR,2000,26.949
Suriname,SUR,2005,27.285
Suriname,SUR,2010,27.625
Suriname,SUR,2015,27.66
Sweden,SWE,1950,27.901
Sweden,SWE,1955,27.587
Sweden,SWE,1960,27.316
Sweden,SWE,1965,26.995
Sweden,SWE,1970,26.771
Sweden,SWE,1975,27.144
Sweden,SWE,1980,27.994
Sweden,SWE,1985,28.48
Sweden,SWE,1990,28.874
Sweden,SWE,1995,29.56
Sweden,SWE,2000,30.208
Sweden,SWE,2005,30.615
Sweden,SWE,2010,30.835
Sweden,SWE,2015,30.995
Switzerland,CHE,1950,29.396
Switzerland,CHE,1955,28.955
Switzerland,CHE,1960,28.403
Switzerland,CHE,1965,28.025
Switzerland,CHE,1970,27.637
Switzerland,CHE,1975,27.742
Switzerland,CHE,1980,28.033
Switzerland,CHE,1985,28.703
Switzerland,CHE,1990,29.169
Switzerland,CHE,1995,29.634
Switzerland,CHE,2000,30.19
Switzerland,CHE,2005,30.861
Switzerland,CHE,2010,31.401
Switzerland,CHE,2015,31.85
Syria,SYR,1950,29.079
Syria,SYR,1955,29.079
Syria,SYR,1960,29.079
Syria,SYR,1965,29.291
Syria,SYR,1970,29.696
Syria,SYR,1975,30.004
Syria,SYR,1980,30.242
Syria,SYR,1985,30.36
Syria,SYR,1990,30.152
Syria,SYR,1995,29.683
Syria,SYR,2000,29.523
Syria,SYR,2005,29.444
Syria,SYR,2010,29.444
Syria,SYR,2015,29.419
Tajikistan,TJK,1950,29.714
Tajikistan,TJK,1955,29.515
Tajikistan,TJK,1960,29.314
Tajikistan,TJK,1965,29.01
Tajikistan,TJK,1970,28.611
Tajikistan,TJK,1975,28.212
Tajikistan,TJK,1980,27.937
Tajikistan,TJK,1985,27.864
Tajikistan,TJK,1990,27.956
Tajikistan,TJK,1995,28.158
Tajikistan,TJK,2000,28.192
Tajikistan,TJK,2005,27.703
Tajikistan,TJK,2010,26.915
Tajikistan,TJK,2015,26.047
Tanzania,TZA,1950,29.668
Tanzania,TZA,1955,29.639
Tanzania,TZA,1960,29.596
Tanzania,TZA,1965,29.534
Tanzania,TZA,1970,29.52
Tanzania,TZA,1975,29.554
Tanzania,TZA,1980,29.555
Tanzania,TZA,1985,29.509
Tanzania,TZA,1990,29.497
Tanzania,TZA,1995,29.453
Tanzania,TZA,2000,29.287
Tanzania,TZA,2005,29.188
Tanzania,TZA,2010,29.038
Tanzania,TZA,2015,28.757
Thailand,THA,1950,30.803
Thailand,THA,1955,30.803
Thailand,THA,1960,30.799
Thailand,THA,1965,30.681
Thailand,THA,1970,30.218
Thailand,THA,1975,29.329
Thailand,THA,1980,28.312
Thailand,THA,1985,27.559
Thailand,THA,1990,27.152
Thailand,THA,1995,27.028
Thailand,THA,2000,27.054
Thailand,THA,2005,27.077
Thailand,THA,2010,27.2
Thailand,THA,2015,27.301
Togo,TGO,1950,28.175
Togo,TGO,1955,28.693
Togo,TGO,1960,29.294
Togo,TGO,1965,29.97
Togo,TGO,1970,30.544
Togo,TGO,1975,30.791
Togo,TGO,1980,30.697
Togo,TGO,1985,30.457
Togo,TGO,1990,30.254
Togo,TGO,1995,30.023
Togo,TGO,2000,29.744
Togo,TGO,2005,29.46
Togo,TGO,2010,29.177
Togo,TGO,2015,28.928
Tonga,TON,1950,31.556
Tonga,TON,1955,31.556
Tonga,TON,1960,32.028
Tonga,TON,1965,31.109
Tonga,TON,1970,30.968
Tonga,TON,1975,30.882
Tonga,TON,1980,30.795
Tonga,TON,1985,30.756
Tonga,TON,1990,30.899
Tonga,TON,1995,31.042
Tonga,TON,2000,31.07
Tonga,TON,2005,31.074
Tonga,TON,2010,31.078
Tonga,TON,2015,31.081
Trinidad and Tobago,TTO,1950,27.019
Trinidad and Tobago,TTO,1955,27.254
Trinidad and Tobago,TTO,1960,27.25
Trinidad and Tobago,TTO,1965,27.246
Trinidad and Tobago,TTO,1970,27.241
Trinidad and Tobago,TTO,1975,27.237
Trinidad and Tobago,TTO,1980,27.233
Trinidad and Tobago,TTO,1985,27.247
Trinidad and Tobago,TTO,1990,27.275
Trinidad and Tobago,TTO,1995,27.295
Trinidad and Tobago,TTO,2000,27.294
Trinidad and Tobago,TTO,2005,27.717
Trinidad and Tobago,TTO,2010,27.659
Trinidad and Tobago,TTO,2015,27.948
Tunisia,TUN,1950,30.748
Tunisia,TUN,1955,30.748
Tunisia,TUN,1960,30.644
Tunisia,TUN,1965,30.721
Tunisia,TUN,1970,30.882
Tunisia,TUN,1975,30.727
Tunisia,TUN,1980,30.547
Tunisia,TUN,1985,30.522
Tunisia,TUN,1990,30.454
Tunisia,TUN,1995,30.583
Tunisia,TUN,2000,31.122
Tunisia,TUN,2005,31.097
Tunisia,TUN,2010,31.071
Tunisia,TUN,2015,31.043
Turkey,TUR,1950,28.566
Turkey,TUR,1955,28.395
Turkey,TUR,1960,28.222
Turkey,TUR,1965,28.052
Turkey,TUR,1970,27.925
Turkey,TUR,1975,27.614
Turkey,TUR,1980,27.436
Turkey,TUR,1985,27.329
Turkey,TUR,1990,27.213
Turkey,TUR,1995,27.171
Turkey,TUR,2000,27.298
Turkey,TUR,2005,27.603
Turkey,TUR,2010,28.164
Turkey,TUR,2015,28.602
Turkmenistan,TKM,1950,30.723
Turkmenistan,TKM,1955,30.877
Turkmenistan,TKM,1960,30.921
Turkmenistan,TKM,1965,30.899
Turkmenistan,TKM,1970,30.687
Turkmenistan,TKM,1975,30.225
Turkmenistan,TKM,1980,29.631
Turkmenistan,TKM,1985,29.127
Turkmenistan,TKM,1990,28.414
Turkmenistan,TKM,1995,27.716
Turkmenistan,TKM,2000,27.524
Turkmenistan,TKM,2005,27.704
Turkmenistan,TKM,2010,27.736
Turkmenistan,TKM,2015,27.852
Uganda,UGA,1950,29.435
Uganda,UGA,1955,29.414
Uganda,UGA,1960,29.383
Uganda,UGA,1965,29.383
Uganda,UGA,1970,29.383
Uganda,UGA,1975,29.362
Uganda,UGA,1980,29.274
Uganda,UGA,1985,29.156
Uganda,UGA,1990,28.934
Uganda,UGA,1995,28.889
Uganda,UGA,2000,29.044
Uganda,UGA,2005,29.069
Uganda,UGA,2010,29.037
Uganda,UGA,2015,28.839
Ukraine,UKR,1950,28.167
Ukraine,UKR,1955,27.693
Ukraine,UKR,1960,27.223
Ukraine,UKR,1965,26.74
Ukraine,UKR,1970,26.234
Ukraine,UKR,1975,25.718
Ukraine,UKR,1980,25.227
Ukraine,UKR,1985,24.812
Ukraine,UKR,1990,24.596
Ukraine,UKR,1995,24.659
Ukraine,UKR,2000,25.514
Ukraine,UKR,2005,26.411
Ukraine,UKR,2010,27.131
Ukraine,UKR,2015,27.558
United Arab Emirates,ARE,1950,28.777
United Arab Emirates,ARE,1955,28.777
United Arab Emirates,ARE,1960,28.777
United Arab Emirates,ARE,1965,28.777
United Arab Emirates,ARE,1970,28.777
United Arab Emirates,ARE,1975,28.777
United Arab Emirates,ARE,1980,29.108
United Arab Emirates,ARE,1985,29.842
United Arab Emirates,ARE,1990,30.378
United Arab Emirates,ARE,1995,30.557
United Arab Emirates,ARE,2000,29.52
United Arab Emirates,ARE,2005,27.605
United Arab Emirates,ARE,2010,29.162
United Arab Emirates,ARE,2015,30.72
United Kingdom,GBR,1950,25.87
United Kingdom,GBR,1955,25.87
United Kingdom,GBR,1960,25.87
United Kingdom,GBR,1965,26.213
United Kingdom,GBR,1970,26.506
United Kingdom,GBR,1975,26.759
United Kingdom,GBR,1980,27.158
United Kingdom,GBR,1985,27.435
United Kingdom,GBR,1990,27.885
United Kingdom,GBR,1995,28.338
United Kingdom,GBR,2000,28.811
United Kingdom,GBR,2005,29.281
United Kingdom,GBR,2010,29.878
United Kingdom,GBR,2015,30.408
United States,USA,1950,26.597
United States,USA,1955,26.444
United States,USA,1960,26.501
United States,USA,1965,26.311
United States,USA,1970,25.939
United States,USA,1975,25.965
United States,USA,1980,26.214
United States,USA,1985,26.539
United States,USA,1990,26.676
United States,USA,1995,27.13
United States,USA,2000,27.728
United States,USA,2005,28.031
United States,USA,2010,28.726
United States,USA,2015,29.293
United States Virgin Islands,VIR,1950,27.58
United States Virgin Islands,VIR,1955,26.852
United States Virgin Islands,VIR,1960,27.031
United States Virgin Islands,VIR,1965,26.808
United States Virgin Islands,VIR,1970,26.311
United States Virgin Islands,VIR,1975,26.442
United States Virgin Islands,VIR,1980,26.454
United States Virgin Islands,VIR,1985,26.556
United States Virgin Islands,VIR,1990,26.711
United States Virgin Islands,VIR,1995,26.757
United States Virgin Islands,VIR,2000,27.095
United States Virgin Islands,VIR,2005,27.449
United States Virgin Islands,VIR,2010,27.236
United States Virgin Islands,VIR,2015,28.516
Upper-middle-income countries,,1950,29.591
Upper-middle-income countries,,1955,29.544
Upper-middle-income countries,,1960,29.465
Upper-middle-income countries,,1965,29.393
Upper-middle-income countries,,1970,29.115
Upper-middle-income countries,,1975,28.406
Upper-middle-income countries,,1980,27.49
Upper-middle-income countries,,1985,27.093
Upper-middle-income countries,,1990,26.721
Upper-middle-income countries,,1995,26.572
Upper-middle-income countries,,2000,26.859
Upper-middle-income countries,,2005,27.204
Upper-middle-income countries,,2010,27.435
Upper-middle-income countries,,2015,27.77
Uruguay,URY,1950,27.785
Uruguay,URY,1955,27.786
Uruguay,URY,1960,27.788
Uruguay,URY,1965,27.785
Uruguay,URY,1970,27.785
Uruguay,URY,1975,27.677
Uruguay,URY,1980,27.505
Uruguay,URY,1985,27.586
Uruguay,URY,1990,27.448
Uruguay,URY,1995,27.458
Uruguay,URY,2000,27.538
Uruguay,URY,2005,27.65
Uruguay,URY,2010,27.719
Uruguay,URY,2015,27.77
Uzbekistan,UZB,1950,31.028
Uzbekistan,UZB,1955,31.028
Uzbekistan,UZB,1960,30.935
Uzbekistan,UZB,1965,30.677
Uzbekistan,UZB,1970,30.215
Uzbekistan,UZB,1975,29.444
Uzbekistan,UZB,1980,28.659
Uzbekistan,UZB,1985,27.841
Uzbekistan,UZB,1990,26.681
Uzbekistan,UZB,1995,26.483
Uzbekistan,UZB,2000,27.006
Uzbekistan,UZB,2005,27.022
Uzbekistan,UZB,2010,26.594
Uzbekistan,UZB,2015,26.594
Vanuatu,VUT,1950,29.056
Vanuatu,VUT,1955,29.056
Vanuatu,VUT,1960,29.056
Vanuatu,VUT,1965,29.341
Vanuatu,VUT,1970,29.816
Vanuatu,VUT,1975,29.444
Vanuatu,VUT,1980,29.401
Vanuatu,VUT,1985,29.359
Vanuatu,VUT,1990,29.451
Vanuatu,VUT,1995,29.543
Vanuatu,VUT,2000,29.43
Vanuatu,VUT,2005,29.316
Vanuatu,VUT,2010,29.316
Vanuatu,VUT,2015,29.283
Venezuela,VEN,1950,28.733
Venezuela,VEN,1955,28.73
Venezuela,VEN,1960,28.718
Venezuela,VEN,1965,28.725
Venezuela,VEN,1970,28.685
Venezuela,VEN,1975,28.464
Venezuela,VEN,1980,28.098
Venezuela,VEN,1985,27.74
Venezuela,VEN,1990,27.469
Venezuela,VEN,1995,27.106
Venezuela,VEN,2000,26.855
Venezuela,VEN,2005,26.656
Venezuela,VEN,2010,26.505
Venezuela,VEN,2015,26.384
Vietnam,VNM,1950,31.81
Vietnam,VNM,1955,31.81
Vietnam,VNM,1960,31.81
Vietnam,VNM,1965,31.81
Vietnam,VNM,1970,31.81
Vietnam,VNM,1975,31.404
Vietnam,VNM,1980,30.53
Vietnam,VNM,1985,29.497
Vietnam,VNM,1990,28.425
Vietnam,VNM,1995,27.668
Vietnam,VNM,2000,27.326
Vietnam,VNM,2005,27.183
Vietnam,VNM,2010,27.063
Vietnam,VNM,2015,27.637
Western Africa,,1950,29.157
Western Africa,,1955,29.254
Western Africa,,1960,29.366
Western Africa,,1965,29.475
Western Africa,,1970,29.581
Western Africa,,1975,29.66
Western Africa,,1980,29.708
Western Africa,,1985,29.731
Western Africa,,1990,29.733
Western Africa,,1995,29.68
Western Africa,,2000,29.654
Western Africa,,2005,29.629
Western Africa,,2010,29.572
Western Africa,,2015,29.537
Western Asia,,1950,29.202
Western Asia,,1955,29.131
Western Asia,,1960,29.028
Western Asia,,1965,28.951
Western Asia,,1970,28.987
Western Asia,,1975,29.027
Western Asia,,1980,29.099
Western Asia,,1985,29.116
Western Asia,,1990,29.023
Western Asia,,1995,28.967
Western Asia,,2000,29.023
Western Asia,,2005,28.924
Western Asia,,2010,29.018
Western Asia,,2015,29.138
Western Europe,,1950,28.325
Western Europe,,1955,28.161
Western Europe,,1960,27.773
Western Europe,,1965,27.386
Western Europe,,1970,26.923
Western Europe,,1975,26.735
Western Europe,,1980,27.185
Western Europe,,1985,27.975
Western Europe,,1990,28.598
Western Europe,,1995,29.152
Western Europe,,2000,29.561
Western Europe,,2005,30.151
Western Europe,,2010,30.696
Western Europe,,2015,31.164
Western Sahara,ESH,1950,29.221
Western Sahara,ESH,1955,29.221
Western Sahara,ESH,1960,29.221
Western Sahara,ESH,1965,29.221
Western Sahara,ESH,1970,29.586
Western Sahara,ESH,1975,29.864
Western Sahara,ESH,1980,30.101
Western Sahara,ESH,1985,30.191
Western Sahara,ESH,1990,30.208
Western Sahara,ESH,1995,30.397
Western Sahara,ESH,2000,30.574
Western Sahara,ESH,2005,30.732
Western Sahara,ESH,2010,30.873
Western Sahara,ESH,2015,30.994
World,OWID_WRL,1950,29.177
World,OWID_WRL,1955,29.094
World,OWID_WRL,1960,29.044
World,OWID_WRL,1965,28.986
World,OWID_WRL,1970,28.776
World,OWID_WRL,1975,28.377
World,OWID_WRL,1980,27.97
World,OWID_WRL,1985,27.719
World,OWID_WRL,1990,27.546
World,OWID_WRL,1995,27.496
World,OWID_WRL,2000,27.565
World,OWID_WRL,2005,27.685
World,OWID_WRL,2010,27.822
World,OWID_WRL,2015,28.059
Yemen,YEM,1950,31.354
Yemen,YEM,1955,31.354
Yemen,YEM,1960,31.281
Yemen,YEM,1965,31.15
Yemen,YEM,1970,31.085
Yemen,YEM,1975,31.104
Yemen,YEM,1980,31.149
Yemen,YEM,1985,30.973
Yemen,YEM,1990,30.378
Yemen,YEM,1995,30.305
Yemen,YEM,2000,30.496
Yemen,YEM,2005,30.151
Yemen,YEM,2010,30.122
Yemen,YEM,2015,29.965
Zambia,ZMB,1950,29.889
Zambia,ZMB,1955,29.777
Zambia,ZMB,1960,29.666
Zambia,ZMB,1965,29.598
Zambia,ZMB,1970,29.488
Zambia,ZMB,1975,29.42
Zambia,ZMB,1980,29.365
Zambia,ZMB,1985,29.272
Zambia,ZMB,1990,29.123
Zambia,ZMB,1995,28.919
Zambia,ZMB,2000,28.857
Zambia,ZMB,2005,28.827
Zambia,ZMB,2010,28.746
Zambia,ZMB,2015,28.761
Zimbabwe,ZWE,1950,29.548
Zimbabwe,ZWE,1955,29.548
Zimbabwe,ZWE,1960,29.548
Zimbabwe,ZWE,1965,29.547
Zimbabwe,ZWE,1970,29.547
Zimbabwe,ZWE,1975,29.548
Zimbabwe,ZWE,1980,29.583
Zimbabwe,ZWE,1985,29.449
Zimbabwe,ZWE,1990,29.032
Zimbabwe,ZWE,1995,28.493
Zimbabwe,ZWE,2000,28.166
Zimbabwe,ZWE,2005,27.877
Zimbabwe,ZWE,2010,27.96
Zimbabwe,ZWE,2015,28.203